iteration,winner
1,MAR
2,MAR
3,MAR
4,MAR
5,MAR
6,MAR
7,MAR
8,MAR
9,MAR
10,MAR
11,MAR
12,MAR
13,MAR
14,MAR
15,MAR
16,MAR
17,MAR
18,MAR
19,MAR
20,MAR
21,MAR
22,MAR
23,MAR
24,SWE
25,MAR
26,MAR
27,MAR
28,MAR
29,MAR
30,MAR
31,MAR
32,MAR
33,MAR
34,MAR
35,MAR
36,MAR
37,MAR
38,MAR
39,MAR
40,MAR
41,MAR
42,MAR
43,SWE
44,MAR
45,MAR
46,MAR
47,MAR
48,MAR
49,MAR
50,MAR
51,MAR
52,MAR
53,MAR
54,MAR
55,MAR
56,MAR
57,MAR
58,MAR
59,MAR
60,MAR
61,MAR
62,MAR
63,MAR
64,MAR
65,SWE
66,MAR
67,MAR
68,MAR
69,MAR
70,MAR
71,SWE
72,MAR
73,MAR
74,MAR
75,MAR
76,MAR
77,MAR
78,MAR
79,MAR
80,MAR
81,MAR
82,SWE
83,MAR
84,MAR
85,MAR
86,MAR
87,MAR
88,MAR
89,MAR
90,MAR
91,MAR
92,MAR
93,MAR
94,MAR
95,MAR
96,MAR
97,MAR
98,MAR
99,MAR
100,MAR
101,MAR
102,MAR
103,MAR
104,MAR
105,SWE
106,MAR
107,MAR
108,MAR
109,MAR
110,SWE
111,MAR
112,MAR
113,MAR
114,MAR
115,MAR
116,MAR
117,SWE
118,MAR
119,MAR
120,MAR
121,MAR
122,MAR
123,MAR
124,MAR
125,MAR
126,MAR
127,MAR
128,MAR
129,MAR
130,MAR
131,MAR
132,MAR
133,MAR
134,MAR
135,SWE
136,MAR
137,MAR
138,MAR
139,MAR
140,MAR
141,MAR
142,MAR
143,MAR
144,MAR
145,MAR
146,SWE
147,MAR
148,MAR
149,MAR
150,MAR
151,MAR
152,MAR
153,MAR
154,MAR
155,MAR
156,MAR
157,MAR
158,MAR
159,MAR
160,MAR
161,MAR
162,MAR
163,MAR
164,MAR
165,MAR
166,SWE
167,MAR
168,MAR
169,MAR
170,MAR
171,SWE
172,MAR
173,SWE
174,MAR
175,MAR
176,MAR
177,MAR
178,MAR
179,SWE
180,MAR
181,MAR
182,MAR
183,MAR
184,MAR
185,SWE
186,MAR
187,MAR
188,MAR
189,MAR
190,MAR
191,SWE
192,MAR
193,MAR
194,MAR
195,MAR
196,MAR
197,MAR
198,MAR
199,MAR
200,MAR
201,MAR
202,SWE
203,MAR
204,MAR
205,SWE
206,MAR
207,MAR
208,MAR
209,MAR
210,MAR
211,MAR
212,SWE
213,MAR
214,MAR
215,MAR
216,MAR
217,MAR
218,MAR
219,MAR
220,MAR
221,MAR
222,MAR
223,SWE
224,MAR
225,MAR
226,MAR
227,MAR
228,MAR
229,MAR
230,MAR
231,MAR
232,MAR
233,SWE
234,MAR
235,MAR
236,MAR
237,MAR
238,MAR
239,MAR
240,MAR
241,MAR
242,MAR
243,MAR
244,MAR
245,MAR
246,MAR
247,MAR
248,MAR
249,MAR
250,MAR
251,MAR
252,MAR
253,MAR
254,SWE
255,MAR
256,MAR
257,MAR
258,MAR
259,SWE
260,MAR
261,MAR
262,MAR
263,MAR
264,MAR
265,MAR
266,MAR
267,MAR
268,MAR
269,MAR
270,SWE
271,MAR
272,MAR
273,MAR
274,MAR
275,MAR
276,MAR
277,MAR
278,MAR
279,MAR
280,MAR
281,SWE
282,MAR
283,SWE
284,MAR
285,MAR
286,MAR
287,MAR
288,MAR
289,MAR
290,MAR
291,MAR
292,MAR
293,MAR
294,MAR
295,MAR
296,MAR
297,MAR
298,MAR
299,MAR
300,MAR
301,MAR
302,MAR
303,SWE
304,MAR
305,MAR
306,MAR
307,MAR
308,MAR
309,MAR
310,MAR
311,SWE
312,MAR
313,MAR
314,SWE
315,MAR
316,MAR
317,MAR
318,MAR
319,SWE
320,SWE
321,MAR
322,MAR
323,MAR
324,MAR
325,MAR
326,MAR
327,MAR
328,MAR
329,MAR
330,MAR
331,MAR
332,MAR
333,MAR
334,MAR
335,MAR
336,MAR
337,SWE
338,MAR
339,SWE
340,MAR
341,MAR
342,MAR
343,MAR
344,MAR
345,MAR
346,MAR
347,SWE
348,MAR
349,MAR
350,MAR
351,SWE
352,MAR
353,MAR
354,MAR
355,MAR
356,MAR
357,MAR
358,MAR
359,MAR
360,MAR
361,MAR
362,MAR
363,MAR
364,MAR
365,MAR
366,MAR
367,MAR
368,MAR
369,MAR
370,MAR
371,MAR
372,MAR
373,MAR
374,MAR
375,MAR
376,SWE
377,MAR
378,MAR
379,MAR
380,SWE
381,MAR
382,MAR
383,MAR
384,MAR
385,MAR
386,MAR
387,MAR
388,MAR
389,MAR
390,MAR
391,MAR
392,MAR
393,MAR
394,MAR
395,SWE
396,MAR
397,MAR
398,MAR
399,MAR
400,MAR
401,MAR
402,MAR
403,MAR
404,MAR
405,MAR
406,MAR
407,MAR
408,MAR
409,MAR
410,MAR
411,SWE
412,MAR
413,MAR
414,MAR
415,MAR
416,MAR
417,MAR
418,SWE
419,MAR
420,MAR
421,MAR
422,MAR
423,MAR
424,MAR
425,MAR
426,MAR
427,MAR
428,SWE
429,MAR
430,MAR
431,MAR
432,MAR
433,MAR
434,MAR
435,MAR
436,MAR
437,MAR
438,MAR
439,MAR
440,SWE
441,MAR
442,MAR
443,MAR
444,MAR
445,MAR
446,MAR
447,MAR
448,MAR
449,MAR
450,MAR
451,MAR
452,MAR
453,MAR
454,MAR
455,SWE
456,MAR
457,MAR
458,MAR
459,MAR
460,MAR
461,MAR
462,MAR
463,SWE
464,SWE
465,MAR
466,MAR
467,MAR
468,MAR
469,MAR
470,MAR
471,MAR
472,MAR
473,MAR
474,MAR
475,MAR
476,MAR
477,MAR
478,MAR
479,MAR
480,MAR
481,MAR
482,SWE
483,MAR
484,MAR
485,MAR
486,MAR
487,MAR
488,MAR
489,MAR
490,MAR
491,MAR
492,SWE
493,MAR
494,MAR
495,MAR
496,MAR
497,MAR
498,MAR
499,MAR
500,MAR
501,MAR
502,MAR
503,MAR
504,MAR
505,MAR
506,MAR
507,MAR
508,MAR
509,MAR
510,MAR
511,MAR
512,MAR
513,MAR
514,MAR
515,MAR
516,MAR
517,MAR
518,MAR
519,MAR
520,MAR
521,MAR
522,MAR
523,MAR
524,MAR
525,MAR
526,SWE
527,MAR
528,MAR
529,MAR
530,MAR
531,MAR
532,MAR
533,MAR
534,MAR
535,MAR
536,MAR
537,MAR
538,MAR
539,SWE
540,MAR
541,MAR
542,MAR
543,MAR
544,MAR
545,MAR
546,MAR
547,MAR
548,MAR
549,MAR
550,MAR
551,MAR
552,MAR
553,SWE
554,MAR
555,MAR
556,MAR
557,MAR
558,MAR
559,MAR
560,MAR
561,MAR
562,MAR
563,MAR
564,MAR
565,MAR
566,MAR
567,MAR
568,MAR
569,MAR
570,MAR
571,MAR
572,MAR
573,MAR
574,SWE
575,SWE
576,MAR
577,MAR
578,MAR
579,MAR
580,MAR
581,MAR
582,MAR
583,MAR
584,MAR
585,MAR
586,MAR
587,MAR
588,MAR
589,MAR
590,MAR
591,MAR
592,MAR
593,MAR
594,MAR
595,MAR
596,MAR
597,MAR
598,MAR
599,MAR
600,MAR
601,MAR
602,MAR
603,MAR
604,MAR
605,MAR
606,MAR
607,MAR
608,MAR
609,MAR
610,MAR
611,MAR
612,MAR
613,MAR
614,MAR
615,MAR
616,MAR
617,MAR
618,MAR
619,MAR
620,MAR
621,MAR
622,MAR
623,MAR
624,MAR
625,MAR
626,MAR
627,MAR
628,MAR
629,MAR
630,SWE
631,MAR
632,MAR
633,SWE
634,MAR
635,MAR
636,SWE
637,MAR
638,MAR
639,MAR
640,MAR
641,SWE
642,MAR
643,MAR
644,MAR
645,MAR
646,MAR
647,MAR
648,MAR
649,MAR
650,MAR
651,MAR
652,MAR
653,SWE
654,MAR
655,MAR
656,MAR
657,MAR
658,MAR
659,MAR
660,MAR
661,MAR
662,MAR
663,MAR
664,MAR
665,MAR
666,MAR
667,MAR
668,MAR
669,MAR
670,MAR
671,MAR
672,MAR
673,MAR
674,MAR
675,MAR
676,MAR
677,MAR
678,MAR
679,SWE
680,MAR
681,MAR
682,MAR
683,MAR
684,MAR
685,MAR
686,MAR
687,MAR
688,MAR
689,MAR
690,MAR
691,MAR
692,MAR
693,MAR
694,SWE
695,SWE
696,MAR
697,MAR
698,MAR
699,MAR
700,MAR
701,MAR
702,MAR
703,MAR
704,MAR
705,MAR
706,MAR
707,MAR
708,MAR
709,MAR
710,MAR
711,MAR
712,MAR
713,SWE
714,MAR
715,MAR
716,MAR
717,MAR
718,MAR
719,MAR
720,MAR
721,MAR
722,MAR
723,MAR
724,MAR
725,MAR
726,MAR
727,MAR
728,MAR
729,SWE
730,MAR
731,MAR
732,MAR
733,MAR
734,MAR
735,MAR
736,SWE
737,MAR
738,MAR
739,MAR
740,MAR
741,MAR
742,MAR
743,MAR
744,MAR
745,MAR
746,MAR
747,MAR
748,MAR
749,MAR
750,MAR
751,MAR
752,MAR
753,MAR
754,MAR
755,MAR
756,MAR
757,MAR
758,MAR
759,MAR
760,MAR
761,MAR
762,MAR
763,MAR
764,MAR
765,MAR
766,MAR
767,MAR
768,MAR
769,MAR
770,MAR
771,MAR
772,MAR
773,MAR
774,MAR
775,MAR
776,MAR
777,MAR
778,MAR
779,MAR
780,MAR
781,MAR
782,SWE
783,SWE
784,MAR
785,SWE
786,MAR
787,MAR
788,MAR
789,MAR
790,MAR
791,MAR
792,MAR
793,MAR
794,MAR
795,MAR
796,MAR
797,MAR
798,MAR
799,MAR
800,MAR
801,SWE
802,MAR
803,MAR
804,MAR
805,MAR
806,MAR
807,MAR
808,MAR
809,MAR
810,MAR
811,MAR
812,MAR
813,MAR
814,MAR
815,MAR
816,MAR
817,MAR
818,MAR
819,MAR
820,MAR
821,SWE
822,SWE
823,MAR
824,MAR
825,MAR
826,MAR
827,MAR
828,MAR
829,MAR
830,MAR
831,MAR
832,MAR
833,MAR
834,MAR
835,MAR
836,MAR
837,MAR
838,MAR
839,MAR
840,MAR
841,MAR
842,SWE
843,SWE
844,MAR
845,MAR
846,MAR
847,MAR
848,MAR
849,MAR
850,SWE
851,MAR
852,MAR
853,MAR
854,MAR
855,MAR
856,MAR
857,MAR
858,MAR
859,MAR
860,MAR
861,MAR
862,MAR
863,MAR
864,MAR
865,MAR
866,MAR
867,SWE
868,MAR
869,SWE
870,MAR
871,MAR
872,MAR
873,MAR
874,SWE
875,MAR
876,MAR
877,MAR
878,MAR
879,MAR
880,MAR
881,SWE
882,MAR
883,MAR
884,MAR
885,MAR
886,SWE
887,SWE
888,MAR
889,MAR
890,MAR
891,MAR
892,MAR
893,MAR
894,MAR
895,MAR
896,MAR
897,MAR
898,MAR
899,MAR
900,MAR
901,MAR
902,MAR
903,MAR
904,MAR
905,MAR
906,MAR
907,MAR
908,MAR
909,MAR
910,MAR
911,MAR
912,MAR
913,MAR
914,MAR
915,MAR
916,MAR
917,MAR
918,MAR
919,MAR
920,MAR
921,MAR
922,MAR
923,MAR
924,SWE
925,MAR
926,MAR
927,SWE
928,MAR
929,MAR
930,MAR
931,MAR
932,MAR
933,MAR
934,MAR
935,MAR
936,SWE
937,MAR
938,MAR
939,MAR
940,MAR
941,MAR
942,MAR
943,SWE
944,MAR
945,MAR
946,MAR
947,MAR
948,MAR
949,MAR
950,MAR
951,MAR
952,MAR
953,MAR
954,MAR
955,MAR
956,MAR
957,MAR
958,MAR
959,MAR
960,MAR
961,MAR
962,MAR
963,MAR
964,MAR
965,MAR
966,MAR
967,MAR
968,MAR
969,SWE
970,MAR
971,MAR
972,MAR
973,MAR
974,MAR
975,MAR
976,MAR
977,MAR
978,MAR
979,MAR
980,MAR
981,MAR
982,MAR
983,SWE
984,MAR
985,MAR
986,SWE
987,MAR
988,MAR
989,MAR
990,MAR
991,MAR
992,MAR
993,MAR
994,MAR
995,MAR
996,MAR
997,MAR
998,MAR
999,MAR
1000,MAR
1001,SWE
1002,MAR
1003,MAR
1004,MAR
1005,MAR
1006,MAR
1007,MAR
1008,MAR
1009,MAR
1010,MAR
1011,MAR
1012,MAR
1013,MAR
1014,MAR
1015,MAR
1016,MAR
1017,SWE
1018,MAR
1019,MAR
1020,MAR
1021,MAR
1022,MAR
1023,SWE
1024,MAR
1025,MAR
1026,MAR
1027,MAR
1028,MAR
1029,MAR
1030,MAR
1031,MAR
1032,MAR
1033,MAR
1034,MAR
1035,MAR
1036,MAR
1037,MAR
1038,MAR
1039,MAR
1040,MAR
1041,MAR
1042,MAR
1043,MAR
1044,MAR
1045,MAR
1046,MAR
1047,MAR
1048,MAR
1049,MAR
1050,MAR
1051,MAR
1052,MAR
1053,MAR
1054,MAR
1055,MAR
1056,MAR
1057,MAR
1058,MAR
1059,MAR
1060,MAR
1061,MAR
1062,MAR
1063,MAR
1064,MAR
1065,MAR
1066,SWE
1067,MAR
1068,SWE
1069,MAR
1070,MAR
1071,SWE
1072,MAR
1073,MAR
1074,MAR
1075,MAR
1076,MAR
1077,MAR
1078,MAR
1079,MAR
1080,MAR
1081,MAR
1082,MAR
1083,MAR
1084,MAR
1085,MAR
1086,MAR
1087,MAR
1088,MAR
1089,MAR
1090,MAR
1091,MAR
1092,MAR
1093,SWE
1094,MAR
1095,MAR
1096,MAR
1097,MAR
1098,MAR
1099,MAR
1100,MAR
1101,MAR
1102,MAR
1103,MAR
1104,MAR
1105,MAR
1106,MAR
1107,SWE
1108,MAR
1109,MAR
1110,MAR
1111,MAR
1112,SWE
1113,MAR
1114,MAR
1115,MAR
1116,MAR
1117,MAR
1118,MAR
1119,MAR
1120,MAR
1121,MAR
1122,MAR
1123,MAR
1124,MAR
1125,MAR
1126,MAR
1127,MAR
1128,MAR
1129,SWE
1130,MAR
1131,MAR
1132,MAR
1133,MAR
1134,MAR
1135,MAR
1136,MAR
1137,SWE
1138,MAR
1139,MAR
1140,MAR
1141,MAR
1142,MAR
1143,MAR
1144,MAR
1145,SWE
1146,MAR
1147,MAR
1148,MAR
1149,MAR
1150,MAR
1151,MAR
1152,SWE
1153,MAR
1154,MAR
1155,MAR
1156,MAR
1157,SWE
1158,MAR
1159,MAR
1160,MAR
1161,SWE
1162,MAR
1163,MAR
1164,MAR
1165,MAR
1166,MAR
1167,MAR
1168,MAR
1169,MAR
1170,MAR
1171,MAR
1172,MAR
1173,SWE
1174,MAR
1175,SWE
1176,MAR
1177,MAR
1178,MAR
1179,MAR
1180,MAR
1181,MAR
1182,MAR
1183,MAR
1184,MAR
1185,MAR
1186,MAR
1187,MAR
1188,MAR
1189,MAR
1190,MAR
1191,MAR
1192,MAR
1193,MAR
1194,MAR
1195,MAR
1196,SWE
1197,SWE
1198,MAR
1199,MAR
1200,MAR
1201,MAR
1202,MAR
1203,MAR
1204,MAR
1205,MAR
1206,MAR
1207,MAR
1208,MAR
1209,MAR
1210,MAR
1211,MAR
1212,MAR
1213,MAR
1214,MAR
1215,MAR
1216,MAR
1217,MAR
1218,MAR
1219,MAR
1220,MAR
1221,MAR
1222,MAR
1223,MAR
1224,MAR
1225,MAR
1226,MAR
1227,MAR
1228,MAR
1229,MAR
1230,MAR
1231,MAR
1232,MAR
1233,MAR
1234,MAR
1235,MAR
1236,MAR
1237,MAR
1238,MAR
1239,MAR
1240,SWE
1241,MAR
1242,MAR
1243,MAR
1244,MAR
1245,MAR
1246,MAR
1247,MAR
1248,MAR
1249,MAR
1250,MAR
1251,SWE
1252,MAR
1253,MAR
1254,MAR
1255,MAR
1256,MAR
1257,MAR
1258,MAR
1259,MAR
1260,MAR
1261,MAR
1262,MAR
1263,MAR
1264,MAR
1265,MAR
1266,MAR
1267,MAR
1268,MAR
1269,MAR
1270,MAR
1271,MAR
1272,MAR
1273,MAR
1274,MAR
1275,MAR
1276,MAR
1277,MAR
1278,MAR
1279,MAR
1280,MAR
1281,MAR
1282,MAR
1283,MAR
1284,MAR
1285,MAR
1286,MAR
1287,MAR
1288,MAR
1289,MAR
1290,MAR
1291,MAR
1292,MAR
1293,MAR
1294,MAR
1295,MAR
1296,MAR
1297,MAR
1298,MAR
1299,MAR
1300,MAR
1301,MAR
1302,MAR
1303,SWE
1304,MAR
1305,MAR
1306,MAR
1307,MAR
1308,MAR
1309,MAR
1310,MAR
1311,MAR
1312,MAR
1313,MAR
1314,MAR
1315,MAR
1316,MAR
1317,MAR
1318,MAR
1319,MAR
1320,MAR
1321,MAR
1322,MAR
1323,MAR
1324,MAR
1325,MAR
1326,MAR
1327,SWE
1328,MAR
1329,MAR
1330,MAR
1331,MAR
1332,MAR
1333,MAR
1334,MAR
1335,MAR
1336,MAR
1337,MAR
1338,MAR
1339,MAR
1340,MAR
1341,MAR
1342,SWE
1343,MAR
1344,MAR
1345,MAR
1346,MAR
1347,MAR
1348,MAR
1349,MAR
1350,MAR
1351,MAR
1352,MAR
1353,MAR
1354,MAR
1355,MAR
1356,MAR
1357,MAR
1358,SWE
1359,MAR
1360,MAR
1361,MAR
1362,MAR
1363,SWE
1364,MAR
1365,MAR
1366,MAR
1367,MAR
1368,MAR
1369,MAR
1370,MAR
1371,MAR
1372,MAR
1373,MAR
1374,MAR
1375,MAR
1376,MAR
1377,MAR
1378,MAR
1379,MAR
1380,MAR
1381,MAR
1382,SWE
1383,MAR
1384,MAR
1385,MAR
1386,MAR
1387,MAR
1388,MAR
1389,MAR
1390,MAR
1391,SWE
1392,MAR
1393,MAR
1394,MAR
1395,MAR
1396,SWE
1397,MAR
1398,MAR
1399,MAR
1400,MAR
1401,MAR
1402,MAR
1403,MAR
1404,MAR
1405,MAR
1406,MAR
1407,MAR
1408,MAR
1409,MAR
1410,MAR
1411,MAR
1412,MAR
1413,MAR
1414,MAR
1415,MAR
1416,MAR
1417,MAR
1418,MAR
1419,MAR
1420,MAR
1421,MAR
1422,MAR
1423,MAR
1424,MAR
1425,SWE
1426,MAR
1427,MAR
1428,MAR
1429,MAR
1430,MAR
1431,MAR
1432,SWE
1433,MAR
1434,MAR
1435,MAR
1436,MAR
1437,MAR
1438,SWE
1439,MAR
1440,MAR
1441,MAR
1442,MAR
1443,MAR
1444,SWE
1445,MAR
1446,MAR
1447,MAR
1448,MAR
1449,MAR
1450,MAR
1451,SWE
1452,MAR
1453,MAR
1454,MAR
1455,MAR
1456,MAR
1457,MAR
1458,MAR
1459,MAR
1460,MAR
1461,SWE
1462,MAR
1463,MAR
1464,MAR
1465,MAR
1466,MAR
1467,MAR
1468,MAR
1469,MAR
1470,MAR
1471,MAR
1472,MAR
1473,MAR
1474,MAR
1475,MAR
1476,MAR
1477,SWE
1478,MAR
1479,SWE
1480,MAR
1481,MAR
1482,MAR
1483,MAR
1484,MAR
1485,MAR
1486,MAR
1487,MAR
1488,MAR
1489,MAR
1490,MAR
1491,MAR
1492,MAR
1493,MAR
1494,MAR
1495,MAR
1496,MAR
1497,MAR
1498,SWE
1499,MAR
1500,MAR
1501,MAR
1502,MAR
1503,MAR
1504,SWE
1505,MAR
1506,MAR
1507,MAR
1508,MAR
1509,MAR
1510,MAR
1511,MAR
1512,MAR
1513,MAR
1514,MAR
1515,MAR
1516,MAR
1517,MAR
1518,SWE
1519,MAR
1520,MAR
1521,MAR
1522,MAR
1523,MAR
1524,MAR
1525,MAR
1526,MAR
1527,MAR
1528,MAR
1529,MAR
1530,MAR
1531,MAR
1532,MAR
1533,SWE
1534,SWE
1535,MAR
1536,MAR
1537,MAR
1538,MAR
1539,MAR
1540,MAR
1541,MAR
1542,MAR
1543,SWE
1544,MAR
1545,MAR
1546,MAR
1547,MAR
1548,MAR
1549,SWE
1550,MAR
1551,MAR
1552,MAR
1553,SWE
1554,MAR
1555,MAR
1556,MAR
1557,MAR
1558,MAR
1559,MAR
1560,MAR
1561,MAR
1562,MAR
1563,SWE
1564,MAR
1565,MAR
1566,MAR
1567,MAR
1568,MAR
1569,MAR
1570,MAR
1571,MAR
1572,MAR
1573,MAR
1574,MAR
1575,MAR
1576,MAR
1577,MAR
1578,MAR
1579,MAR
1580,MAR
1581,SWE
1582,SWE
1583,MAR
1584,MAR
1585,MAR
1586,MAR
1587,MAR
1588,MAR
1589,MAR
1590,MAR
1591,MAR
1592,MAR
1593,MAR
1594,MAR
1595,MAR
1596,MAR
1597,MAR
1598,MAR
1599,MAR
1600,MAR
1601,MAR
1602,SWE
1603,MAR
1604,MAR
1605,MAR
1606,MAR
1607,MAR
1608,MAR
1609,MAR
1610,SWE
1611,MAR
1612,MAR
1613,MAR
1614,MAR
1615,MAR
1616,MAR
1617,MAR
1618,MAR
1619,MAR
1620,MAR
1621,MAR
1622,MAR
1623,MAR
1624,MAR
1625,MAR
1626,MAR
1627,MAR
1628,MAR
1629,SWE
1630,MAR
1631,MAR
1632,MAR
1633,SWE
1634,MAR
1635,MAR
1636,MAR
1637,MAR
1638,MAR
1639,MAR
1640,MAR
1641,MAR
1642,MAR
1643,MAR
1644,MAR
1645,MAR
1646,MAR
1647,MAR
1648,MAR
1649,MAR
1650,MAR
1651,MAR
1652,MAR
1653,SWE
1654,MAR
1655,MAR
1656,MAR
1657,MAR
1658,MAR
1659,MAR
1660,MAR
1661,MAR
1662,MAR
1663,MAR
1664,MAR
1665,MAR
1666,MAR
1667,MAR
1668,MAR
1669,MAR
1670,MAR
1671,MAR
1672,MAR
1673,MAR
1674,MAR
1675,MAR
1676,MAR
1677,MAR
1678,MAR
1679,MAR
1680,MAR
1681,MAR
1682,MAR
1683,MAR
1684,MAR
1685,MAR
1686,MAR
1687,MAR
1688,MAR
1689,MAR
1690,MAR
1691,SWE
1692,SWE
1693,MAR
1694,MAR
1695,MAR
1696,MAR
1697,MAR
1698,MAR
1699,MAR
1700,MAR
1701,SWE
1702,MAR
1703,MAR
1704,MAR
1705,MAR
1706,MAR
1707,MAR
1708,MAR
1709,MAR
1710,MAR
1711,MAR
1712,MAR
1713,MAR
1714,MAR
1715,MAR
1716,MAR
1717,MAR
1718,SWE
1719,MAR
1720,MAR
1721,MAR
1722,SWE
1723,MAR
1724,MAR
1725,MAR
1726,SWE
1727,MAR
1728,MAR
1729,MAR
1730,MAR
1731,MAR
1732,MAR
1733,MAR
1734,MAR
1735,MAR
1736,MAR
1737,MAR
1738,MAR
1739,MAR
1740,MAR
1741,MAR
1742,SWE
1743,MAR
1744,MAR
1745,MAR
1746,MAR
1747,MAR
1748,MAR
1749,MAR
1750,MAR
1751,MAR
1752,MAR
1753,SWE
1754,MAR
1755,MAR
1756,MAR
1757,MAR
1758,SWE
1759,MAR
1760,MAR
1761,MAR
1762,MAR
1763,MAR
1764,MAR
1765,MAR
1766,MAR
1767,MAR
1768,MAR
1769,MAR
1770,MAR
1771,MAR
1772,MAR
1773,MAR
1774,MAR
1775,MAR
1776,MAR
1777,MAR
1778,MAR
1779,MAR
1780,MAR
1781,MAR
1782,MAR
1783,MAR
1784,MAR
1785,MAR
1786,MAR
1787,MAR
1788,MAR
1789,MAR
1790,MAR
1791,MAR
1792,MAR
1793,MAR
1794,SWE
1795,MAR
1796,MAR
1797,MAR
1798,MAR
1799,SWE
1800,MAR
1801,SWE
1802,MAR
1803,MAR
1804,MAR
1805,MAR
1806,MAR
1807,MAR
1808,SWE
1809,MAR
1810,MAR
1811,SWE
1812,MAR
1813,MAR
1814,SWE
1815,MAR
1816,MAR
1817,MAR
1818,MAR
1819,MAR
1820,MAR
1821,MAR
1822,MAR
1823,MAR
1824,SWE
1825,MAR
1826,MAR
1827,MAR
1828,MAR
1829,MAR
1830,MAR
1831,MAR
1832,MAR
1833,SWE
1834,MAR
1835,MAR
1836,MAR
1837,MAR
1838,MAR
1839,MAR
1840,MAR
1841,MAR
1842,MAR
1843,MAR
1844,MAR
1845,MAR
1846,MAR
1847,MAR
1848,MAR
1849,MAR
1850,MAR
1851,MAR
1852,MAR
1853,MAR
1854,SWE
1855,MAR
1856,MAR
1857,MAR
1858,MAR
1859,SWE
1860,MAR
1861,MAR
1862,MAR
1863,MAR
1864,MAR
1865,MAR
1866,MAR
1867,MAR
1868,MAR
1869,MAR
1870,SWE
1871,MAR
1872,MAR
1873,MAR
1874,MAR
1875,MAR
1876,MAR
1877,SWE
1878,MAR
1879,MAR
1880,MAR
1881,MAR
1882,SWE
1883,MAR
1884,SWE
1885,MAR
1886,MAR
1887,MAR
1888,MAR
1889,MAR
1890,MAR
1891,MAR
1892,MAR
1893,MAR
1894,MAR
1895,MAR
1896,MAR
1897,MAR
1898,MAR
1899,SWE
1900,MAR
1901,SWE
1902,MAR
1903,MAR
1904,MAR
1905,MAR
1906,MAR
1907,MAR
1908,MAR
1909,MAR
1910,MAR
1911,MAR
1912,MAR
1913,MAR
1914,MAR
1915,MAR
1916,MAR
1917,MAR
1918,MAR
1919,MAR
1920,MAR
1921,MAR
1922,MAR
1923,MAR
1924,MAR
1925,MAR
1926,MAR
1927,MAR
1928,MAR
1929,MAR
1930,MAR
1931,MAR
1932,MAR
1933,MAR
1934,MAR
1935,SWE
1936,MAR
1937,MAR
1938,MAR
1939,MAR
1940,MAR
1941,MAR
1942,MAR
1943,SWE
1944,MAR
1945,MAR
1946,MAR
1947,MAR
1948,MAR
1949,MAR
1950,MAR
1951,MAR
1952,MAR
1953,MAR
1954,SWE
1955,MAR
1956,MAR
1957,MAR
1958,MAR
1959,MAR
1960,MAR
1961,MAR
1962,MAR
1963,MAR
1964,MAR
1965,SWE
1966,MAR
1967,MAR
1968,MAR
1969,MAR
1970,SWE
1971,MAR
1972,MAR
1973,MAR
1974,MAR
1975,MAR
1976,MAR
1977,MAR
1978,MAR
1979,MAR
1980,MAR
1981,MAR
1982,MAR
1983,MAR
1984,MAR
1985,SWE
1986,MAR
1987,MAR
1988,MAR
1989,MAR
1990,MAR
1991,MAR
1992,MAR
1993,MAR
1994,MAR
1995,MAR
1996,MAR
1997,MAR
1998,MAR
1999,MAR
2000,MAR
2001,MAR
2002,MAR
2003,SWE
2004,MAR
2005,MAR
2006,MAR
2007,MAR
2008,MAR
2009,MAR
2010,MAR
2011,MAR
2012,MAR
2013,MAR
2014,MAR
2015,MAR
2016,MAR
2017,MAR
2018,MAR
2019,MAR
2020,MAR
2021,MAR
2022,MAR
2023,MAR
2024,MAR
2025,MAR
2026,MAR
2027,MAR
2028,MAR
2029,SWE
2030,MAR
2031,MAR
2032,MAR
2033,MAR
2034,MAR
2035,MAR
2036,MAR
2037,SWE
2038,MAR
2039,MAR
2040,MAR
2041,MAR
2042,MAR
2043,MAR
2044,MAR
2045,MAR
2046,MAR
2047,MAR
2048,MAR
2049,SWE
2050,SWE
2051,MAR
2052,SWE
2053,MAR
2054,MAR
2055,SWE
2056,MAR
2057,MAR
2058,MAR
2059,MAR
2060,SWE
2061,MAR
2062,MAR
2063,MAR
2064,MAR
2065,MAR
2066,MAR
2067,MAR
2068,MAR
2069,MAR
2070,MAR
2071,MAR
2072,MAR
2073,MAR
2074,MAR
2075,MAR
2076,MAR
2077,MAR
2078,MAR
2079,MAR
2080,MAR
2081,MAR
2082,MAR
2083,MAR
2084,MAR
2085,MAR
2086,MAR
2087,MAR
2088,SWE
2089,MAR
2090,MAR
2091,MAR
2092,MAR
2093,MAR
2094,MAR
2095,MAR
2096,MAR
2097,MAR
2098,MAR
2099,MAR
2100,MAR
2101,MAR
2102,MAR
2103,MAR
2104,MAR
2105,MAR
2106,MAR
2107,MAR
2108,MAR
2109,MAR
2110,MAR
2111,MAR
2112,MAR
2113,MAR
2114,SWE
2115,MAR
2116,MAR
2117,MAR
2118,MAR
2119,MAR
2120,MAR
2121,MAR
2122,MAR
2123,MAR
2124,MAR
2125,MAR
2126,MAR
2127,MAR
2128,MAR
2129,MAR
2130,MAR
2131,SWE
2132,MAR
2133,MAR
2134,MAR
2135,MAR
2136,MAR
2137,SWE
2138,MAR
2139,MAR
2140,MAR
2141,MAR
2142,MAR
2143,SWE
2144,MAR
2145,MAR
2146,MAR
2147,MAR
2148,MAR
2149,MAR
2150,MAR
2151,MAR
2152,MAR
2153,MAR
2154,SWE
2155,MAR
2156,MAR
2157,MAR
2158,MAR
2159,SWE
2160,MAR
2161,MAR
2162,MAR
2163,MAR
2164,SWE
2165,MAR
2166,SWE
2167,MAR
2168,MAR
2169,MAR
2170,MAR
2171,MAR
2172,MAR
2173,MAR
2174,MAR
2175,MAR
2176,MAR
2177,SWE
2178,MAR
2179,MAR
2180,MAR
2181,MAR
2182,MAR
2183,MAR
2184,MAR
2185,MAR
2186,MAR
2187,MAR
2188,MAR
2189,MAR
2190,MAR
2191,SWE
2192,MAR
2193,MAR
2194,MAR
2195,SWE
2196,MAR
2197,MAR
2198,MAR
2199,MAR
2200,MAR
2201,MAR
2202,SWE
2203,MAR
2204,MAR
2205,MAR
2206,MAR
2207,MAR
2208,MAR
2209,MAR
2210,MAR
2211,MAR
2212,MAR
2213,MAR
2214,MAR
2215,MAR
2216,MAR
2217,MAR
2218,MAR
2219,MAR
2220,MAR
2221,MAR
2222,MAR
2223,MAR
2224,MAR
2225,SWE
2226,MAR
2227,MAR
2228,SWE
2229,MAR
2230,MAR
2231,SWE
2232,MAR
2233,MAR
2234,MAR
2235,MAR
2236,MAR
2237,MAR
2238,MAR
2239,MAR
2240,MAR
2241,MAR
2242,MAR
2243,MAR
2244,MAR
2245,MAR
2246,MAR
2247,MAR
2248,MAR
2249,MAR
2250,SWE
2251,MAR
2252,MAR
2253,MAR
2254,MAR
2255,MAR
2256,MAR
2257,MAR
2258,MAR
2259,MAR
2260,MAR
2261,MAR
2262,MAR
2263,MAR
2264,MAR
2265,SWE
2266,MAR
2267,MAR
2268,MAR
2269,MAR
2270,MAR
2271,MAR
2272,MAR
2273,MAR
2274,MAR
2275,MAR
2276,MAR
2277,MAR
2278,MAR
2279,MAR
2280,MAR
2281,SWE
2282,MAR
2283,MAR
2284,SWE
2285,MAR
2286,MAR
2287,MAR
2288,SWE
2289,MAR
2290,MAR
2291,MAR
2292,MAR
2293,MAR
2294,MAR
2295,MAR
2296,MAR
2297,MAR
2298,SWE
2299,MAR
2300,MAR
2301,MAR
2302,MAR
2303,MAR
2304,MAR
2305,MAR
2306,MAR
2307,MAR
2308,MAR
2309,MAR
2310,MAR
2311,MAR
2312,MAR
2313,MAR
2314,MAR
2315,MAR
2316,MAR
2317,SWE
2318,MAR
2319,MAR
2320,MAR
2321,MAR
2322,MAR
2323,MAR
2324,MAR
2325,MAR
2326,MAR
2327,MAR
2328,MAR
2329,MAR
2330,MAR
2331,MAR
2332,MAR
2333,MAR
2334,MAR
2335,MAR
2336,MAR
2337,MAR
2338,MAR
2339,MAR
2340,MAR
2341,MAR
2342,MAR
2343,MAR
2344,MAR
2345,MAR
2346,MAR
2347,MAR
2348,MAR
2349,SWE
2350,MAR
2351,MAR
2352,MAR
2353,MAR
2354,MAR
2355,MAR
2356,MAR
2357,MAR
2358,MAR
2359,MAR
2360,MAR
2361,MAR
2362,MAR
2363,MAR
2364,MAR
2365,MAR
2366,MAR
2367,MAR
2368,MAR
2369,MAR
2370,MAR
2371,MAR
2372,MAR
2373,MAR
2374,MAR
2375,MAR
2376,MAR
2377,MAR
2378,MAR
2379,MAR
2380,MAR
2381,MAR
2382,MAR
2383,MAR
2384,MAR
2385,MAR
2386,MAR
2387,MAR
2388,MAR
2389,MAR
2390,MAR
2391,MAR
2392,MAR
2393,MAR
2394,MAR
2395,MAR
2396,MAR
2397,MAR
2398,MAR
2399,MAR
2400,MAR
2401,MAR
2402,MAR
2403,MAR
2404,MAR
2405,MAR
2406,SWE
2407,MAR
2408,MAR
2409,MAR
2410,MAR
2411,MAR
2412,MAR
2413,MAR
2414,MAR
2415,MAR
2416,SWE
2417,SWE
2418,MAR
2419,MAR
2420,MAR
2421,SWE
2422,MAR
2423,MAR
2424,MAR
2425,MAR
2426,MAR
2427,SWE
2428,MAR
2429,MAR
2430,MAR
2431,MAR
2432,MAR
2433,MAR
2434,MAR
2435,MAR
2436,MAR
2437,MAR
2438,MAR
2439,MAR
2440,MAR
2441,SWE
2442,MAR
2443,MAR
2444,MAR
2445,SWE
2446,MAR
2447,MAR
2448,MAR
2449,MAR
2450,MAR
2451,MAR
2452,MAR
2453,MAR
2454,MAR
2455,MAR
2456,SWE
2457,MAR
2458,MAR
2459,MAR
2460,MAR
2461,MAR
2462,MAR
2463,MAR
2464,SWE
2465,MAR
2466,MAR
2467,MAR
2468,MAR
2469,MAR
2470,MAR
2471,MAR
2472,MAR
2473,MAR
2474,MAR
2475,MAR
2476,MAR
2477,MAR
2478,MAR
2479,MAR
2480,MAR
2481,MAR
2482,MAR
2483,SWE
2484,MAR
2485,MAR
2486,MAR
2487,MAR
2488,MAR
2489,MAR
2490,MAR
2491,MAR
2492,MAR
2493,SWE
2494,MAR
2495,SWE
2496,MAR
2497,MAR
2498,MAR
2499,MAR
2500,MAR
2501,MAR
2502,MAR
2503,MAR
2504,MAR
2505,MAR
2506,MAR
2507,MAR
2508,MAR
2509,MAR
2510,MAR
2511,MAR
2512,MAR
2513,MAR
2514,MAR
2515,MAR
2516,MAR
2517,MAR
2518,MAR
2519,MAR
2520,MAR
2521,MAR
2522,MAR
2523,MAR
2524,MAR
2525,SWE
2526,MAR
2527,MAR
2528,MAR
2529,MAR
2530,MAR
2531,MAR
2532,MAR
2533,MAR
2534,SWE
2535,SWE
2536,MAR
2537,MAR
2538,MAR
2539,MAR
2540,MAR
2541,MAR
2542,MAR
2543,MAR
2544,MAR
2545,MAR
2546,MAR
2547,MAR
2548,MAR
2549,MAR
2550,MAR
2551,MAR
2552,MAR
2553,MAR
2554,MAR
2555,MAR
2556,MAR
2557,MAR
2558,MAR
2559,MAR
2560,MAR
2561,MAR
2562,SWE
2563,MAR
2564,MAR
2565,MAR
2566,MAR
2567,MAR
2568,MAR
2569,MAR
2570,SWE
2571,MAR
2572,MAR
2573,SWE
2574,MAR
2575,MAR
2576,MAR
2577,MAR
2578,MAR
2579,MAR
2580,MAR
2581,MAR
2582,MAR
2583,MAR
2584,MAR
2585,MAR
2586,MAR
2587,MAR
2588,SWE
2589,MAR
2590,SWE
2591,MAR
2592,SWE
2593,MAR
2594,MAR
2595,MAR
2596,MAR
2597,MAR
2598,SWE
2599,MAR
2600,SWE
2601,MAR
2602,MAR
2603,MAR
2604,MAR
2605,SWE
2606,MAR
2607,SWE
2608,SWE
2609,SWE
2610,MAR
2611,MAR
2612,MAR
2613,MAR
2614,MAR
2615,MAR
2616,MAR
2617,MAR
2618,MAR
2619,MAR
2620,MAR
2621,MAR
2622,MAR
2623,MAR
2624,MAR
2625,MAR
2626,MAR
2627,MAR
2628,MAR
2629,MAR
2630,MAR
2631,MAR
2632,MAR
2633,MAR
2634,MAR
2635,MAR
2636,MAR
2637,MAR
2638,MAR
2639,MAR
2640,MAR
2641,MAR
2642,MAR
2643,MAR
2644,MAR
2645,MAR
2646,MAR
2647,MAR
2648,MAR
2649,MAR
2650,MAR
2651,MAR
2652,MAR
2653,MAR
2654,MAR
2655,MAR
2656,MAR
2657,MAR
2658,MAR
2659,MAR
2660,MAR
2661,MAR
2662,MAR
2663,MAR
2664,MAR
2665,MAR
2666,MAR
2667,MAR
2668,MAR
2669,MAR
2670,MAR
2671,MAR
2672,SWE
2673,SWE
2674,MAR
2675,SWE
2676,MAR
2677,MAR
2678,MAR
2679,MAR
2680,MAR
2681,SWE
2682,MAR
2683,MAR
2684,MAR
2685,MAR
2686,MAR
2687,MAR
2688,MAR
2689,MAR
2690,MAR
2691,MAR
2692,MAR
2693,MAR
2694,MAR
2695,MAR
2696,MAR
2697,MAR
2698,MAR
2699,MAR
2700,MAR
2701,MAR
2702,MAR
2703,MAR
2704,MAR
2705,MAR
2706,MAR
2707,MAR
2708,MAR
2709,MAR
2710,MAR
2711,MAR
2712,MAR
2713,MAR
2714,MAR
2715,MAR
2716,MAR
2717,MAR
2718,MAR
2719,MAR
2720,MAR
2721,MAR
2722,MAR
2723,MAR
2724,MAR
2725,MAR
2726,MAR
2727,MAR
2728,MAR
2729,MAR
2730,MAR
2731,MAR
2732,MAR
2733,SWE
2734,MAR
2735,MAR
2736,MAR
2737,MAR
2738,MAR
2739,MAR
2740,MAR
2741,MAR
2742,MAR
2743,MAR
2744,MAR
2745,MAR
2746,MAR
2747,MAR
2748,MAR
2749,MAR
2750,MAR
2751,MAR
2752,MAR
2753,MAR
2754,MAR
2755,MAR
2756,MAR
2757,MAR
2758,MAR
2759,MAR
2760,MAR
2761,MAR
2762,MAR
2763,MAR
2764,MAR
2765,MAR
2766,MAR
2767,MAR
2768,MAR
2769,MAR
2770,MAR
2771,MAR
2772,SWE
2773,MAR
2774,MAR
2775,SWE
2776,MAR
2777,MAR
2778,MAR
2779,MAR
2780,MAR
2781,MAR
2782,MAR
2783,MAR
2784,MAR
2785,MAR
2786,MAR
2787,MAR
2788,MAR
2789,MAR
2790,MAR
2791,MAR
2792,MAR
2793,MAR
2794,MAR
2795,MAR
2796,MAR
2797,MAR
2798,MAR
2799,MAR
2800,MAR
2801,MAR
2802,SWE
2803,MAR
2804,MAR
2805,MAR
2806,MAR
2807,MAR
2808,MAR
2809,MAR
2810,MAR
2811,MAR
2812,MAR
2813,MAR
2814,MAR
2815,MAR
2816,MAR
2817,MAR
2818,MAR
2819,MAR
2820,MAR
2821,MAR
2822,MAR
2823,MAR
2824,MAR
2825,MAR
2826,MAR
2827,MAR
2828,MAR
2829,MAR
2830,MAR
2831,MAR
2832,MAR
2833,MAR
2834,MAR
2835,MAR
2836,MAR
2837,MAR
2838,MAR
2839,MAR
2840,MAR
2841,SWE
2842,MAR
2843,MAR
2844,MAR
2845,MAR
2846,MAR
2847,MAR
2848,SWE
2849,MAR
2850,SWE
2851,MAR
2852,MAR
2853,MAR
2854,MAR
2855,MAR
2856,SWE
2857,MAR
2858,MAR
2859,MAR
2860,MAR
2861,MAR
2862,MAR
2863,MAR
2864,MAR
2865,MAR
2866,MAR
2867,MAR
2868,MAR
2869,MAR
2870,MAR
2871,MAR
2872,MAR
2873,MAR
2874,SWE
2875,MAR
2876,MAR
2877,MAR
2878,MAR
2879,SWE
2880,MAR
2881,MAR
2882,MAR
2883,MAR
2884,MAR
2885,MAR
2886,MAR
2887,MAR
2888,MAR
2889,MAR
2890,MAR
2891,MAR
2892,MAR
2893,MAR
2894,MAR
2895,MAR
2896,MAR
2897,MAR
2898,SWE
2899,MAR
2900,MAR
2901,MAR
2902,MAR
2903,SWE
2904,MAR
2905,MAR
2906,SWE
2907,MAR
2908,MAR
2909,MAR
2910,MAR
2911,MAR
2912,SWE
2913,MAR
2914,MAR
2915,MAR
2916,MAR
2917,SWE
2918,MAR
2919,MAR
2920,SWE
2921,MAR
2922,MAR
2923,MAR
2924,MAR
2925,MAR
2926,MAR
2927,MAR
2928,MAR
2929,MAR
2930,MAR
2931,MAR
2932,MAR
2933,SWE
2934,MAR
2935,MAR
2936,MAR
2937,MAR
2938,MAR
2939,MAR
2940,MAR
2941,SWE
2942,MAR
2943,MAR
2944,MAR
2945,SWE
2946,MAR
2947,MAR
2948,MAR
2949,MAR
2950,MAR
2951,MAR
2952,MAR
2953,MAR
2954,MAR
2955,MAR
2956,MAR
2957,MAR
2958,MAR
2959,MAR
2960,MAR
2961,MAR
2962,MAR
2963,MAR
2964,MAR
2965,MAR
2966,MAR
2967,MAR
2968,MAR
2969,MAR
2970,MAR
2971,MAR
2972,MAR
2973,MAR
2974,MAR
2975,MAR
2976,MAR
2977,MAR
2978,MAR
2979,MAR
2980,MAR
2981,MAR
2982,MAR
2983,MAR
2984,MAR
2985,MAR
2986,MAR
2987,SWE
2988,SWE
2989,SWE
2990,MAR
2991,MAR
2992,MAR
2993,MAR
2994,SWE
2995,MAR
2996,MAR
2997,MAR
2998,MAR
2999,MAR
3000,MAR
3001,MAR
3002,MAR
3003,MAR
3004,MAR
3005,MAR
3006,MAR
3007,MAR
3008,MAR
3009,MAR
3010,MAR
3011,SWE
3012,SWE
3013,MAR
3014,MAR
3015,SWE
3016,MAR
3017,MAR
3018,MAR
3019,MAR
3020,MAR
3021,MAR
3022,MAR
3023,MAR
3024,MAR
3025,MAR
3026,MAR
3027,MAR
3028,MAR
3029,MAR
3030,MAR
3031,MAR
3032,MAR
3033,SWE
3034,MAR
3035,MAR
3036,MAR
3037,MAR
3038,MAR
3039,MAR
3040,MAR
3041,MAR
3042,MAR
3043,MAR
3044,MAR
3045,MAR
3046,MAR
3047,MAR
3048,MAR
3049,MAR
3050,MAR
3051,MAR
3052,MAR
3053,MAR
3054,MAR
3055,MAR
3056,MAR
3057,MAR
3058,MAR
3059,MAR
3060,MAR
3061,SWE
3062,MAR
3063,MAR
3064,MAR
3065,MAR
3066,MAR
3067,MAR
3068,MAR
3069,MAR
3070,SWE
3071,MAR
3072,MAR
3073,MAR
3074,MAR
3075,MAR
3076,MAR
3077,MAR
3078,MAR
3079,MAR
3080,MAR
3081,MAR
3082,SWE
3083,MAR
3084,MAR
3085,MAR
3086,SWE
3087,MAR
3088,MAR
3089,MAR
3090,MAR
3091,MAR
3092,MAR
3093,MAR
3094,MAR
3095,MAR
3096,MAR
3097,MAR
3098,MAR
3099,MAR
3100,MAR
3101,SWE
3102,MAR
3103,MAR
3104,MAR
3105,MAR
3106,MAR
3107,MAR
3108,MAR
3109,MAR
3110,MAR
3111,MAR
3112,MAR
3113,MAR
3114,MAR
3115,MAR
3116,MAR
3117,MAR
3118,MAR
3119,MAR
3120,MAR
3121,MAR
3122,MAR
3123,MAR
3124,MAR
3125,MAR
3126,MAR
3127,MAR
3128,MAR
3129,MAR
3130,MAR
3131,MAR
3132,MAR
3133,MAR
3134,MAR
3135,MAR
3136,MAR
3137,MAR
3138,MAR
3139,MAR
3140,MAR
3141,MAR
3142,MAR
3143,MAR
3144,MAR
3145,MAR
3146,MAR
3147,MAR
3148,MAR
3149,MAR
3150,MAR
3151,MAR
3152,MAR
3153,MAR
3154,MAR
3155,MAR
3156,MAR
3157,MAR
3158,MAR
3159,MAR
3160,MAR
3161,MAR
3162,MAR
3163,MAR
3164,MAR
3165,MAR
3166,SWE
3167,MAR
3168,MAR
3169,MAR
3170,MAR
3171,MAR
3172,SWE
3173,MAR
3174,SWE
3175,MAR
3176,MAR
3177,SWE
3178,MAR
3179,MAR
3180,MAR
3181,MAR
3182,MAR
3183,MAR
3184,MAR
3185,MAR
3186,MAR
3187,MAR
3188,MAR
3189,MAR
3190,MAR
3191,MAR
3192,MAR
3193,MAR
3194,MAR
3195,MAR
3196,MAR
3197,MAR
3198,MAR
3199,MAR
3200,MAR
3201,MAR
3202,MAR
3203,MAR
3204,MAR
3205,MAR
3206,MAR
3207,MAR
3208,MAR
3209,MAR
3210,MAR
3211,MAR
3212,MAR
3213,MAR
3214,MAR
3215,MAR
3216,MAR
3217,MAR
3218,MAR
3219,MAR
3220,MAR
3221,MAR
3222,MAR
3223,MAR
3224,MAR
3225,MAR
3226,MAR
3227,MAR
3228,MAR
3229,MAR
3230,MAR
3231,MAR
3232,MAR
3233,MAR
3234,SWE
3235,MAR
3236,MAR
3237,MAR
3238,MAR
3239,MAR
3240,MAR
3241,MAR
3242,MAR
3243,MAR
3244,MAR
3245,MAR
3246,MAR
3247,MAR
3248,MAR
3249,MAR
3250,MAR
3251,MAR
3252,MAR
3253,MAR
3254,MAR
3255,MAR
3256,MAR
3257,MAR
3258,MAR
3259,MAR
3260,MAR
3261,MAR
3262,MAR
3263,MAR
3264,MAR
3265,MAR
3266,MAR
3267,MAR
3268,MAR
3269,MAR
3270,MAR
3271,MAR
3272,MAR
3273,SWE
3274,MAR
3275,MAR
3276,MAR
3277,SWE
3278,MAR
3279,MAR
3280,MAR
3281,MAR
3282,MAR
3283,MAR
3284,MAR
3285,MAR
3286,MAR
3287,MAR
3288,MAR
3289,MAR
3290,MAR
3291,MAR
3292,MAR
3293,MAR
3294,MAR
3295,MAR
3296,MAR
3297,MAR
3298,MAR
3299,MAR
3300,MAR
3301,MAR
3302,MAR
3303,MAR
3304,MAR
3305,MAR
3306,MAR
3307,MAR
3308,MAR
3309,MAR
3310,MAR
3311,MAR
3312,MAR
3313,MAR
3314,MAR
3315,MAR
3316,MAR
3317,MAR
3318,SWE
3319,MAR
3320,MAR
3321,MAR
3322,MAR
3323,MAR
3324,MAR
3325,MAR
3326,MAR
3327,MAR
3328,MAR
3329,MAR
3330,MAR
3331,MAR
3332,MAR
3333,MAR
3334,MAR
3335,MAR
3336,MAR
3337,MAR
3338,MAR
3339,MAR
3340,MAR
3341,MAR
3342,MAR
3343,SWE
3344,MAR
3345,MAR
3346,MAR
3347,MAR
3348,MAR
3349,MAR
3350,MAR
3351,MAR
3352,MAR
3353,MAR
3354,MAR
3355,MAR
3356,MAR
3357,MAR
3358,MAR
3359,MAR
3360,MAR
3361,MAR
3362,MAR
3363,MAR
3364,MAR
3365,MAR
3366,MAR
3367,MAR
3368,MAR
3369,MAR
3370,MAR
3371,MAR
3372,MAR
3373,MAR
3374,MAR
3375,MAR
3376,MAR
3377,MAR
3378,MAR
3379,SWE
3380,MAR
3381,MAR
3382,MAR
3383,MAR
3384,MAR
3385,MAR
3386,MAR
3387,SWE
3388,MAR
3389,MAR
3390,MAR
3391,MAR
3392,MAR
3393,MAR
3394,MAR
3395,MAR
3396,MAR
3397,MAR
3398,MAR
3399,MAR
3400,MAR
3401,MAR
3402,MAR
3403,MAR
3404,MAR
3405,MAR
3406,MAR
3407,MAR
3408,MAR
3409,MAR
3410,MAR
3411,MAR
3412,MAR
3413,MAR
3414,SWE
3415,MAR
3416,MAR
3417,MAR
3418,MAR
3419,MAR
3420,MAR
3421,MAR
3422,MAR
3423,MAR
3424,MAR
3425,MAR
3426,MAR
3427,MAR
3428,MAR
3429,MAR
3430,MAR
3431,MAR
3432,SWE
3433,MAR
3434,MAR
3435,MAR
3436,MAR
3437,MAR
3438,SWE
3439,MAR
3440,MAR
3441,MAR
3442,MAR
3443,MAR
3444,MAR
3445,MAR
3446,MAR
3447,MAR
3448,MAR
3449,MAR
3450,MAR
3451,SWE
3452,MAR
3453,MAR
3454,MAR
3455,MAR
3456,MAR
3457,MAR
3458,SWE
3459,MAR
3460,SWE
3461,MAR
3462,MAR
3463,MAR
3464,MAR
3465,MAR
3466,MAR
3467,MAR
3468,MAR
3469,MAR
3470,MAR
3471,MAR
3472,MAR
3473,MAR
3474,SWE
3475,MAR
3476,MAR
3477,MAR
3478,MAR
3479,MAR
3480,MAR
3481,MAR
3482,SWE
3483,MAR
3484,MAR
3485,MAR
3486,MAR
3487,SWE
3488,MAR
3489,SWE
3490,MAR
3491,MAR
3492,MAR
3493,MAR
3494,MAR
3495,MAR
3496,MAR
3497,SWE
3498,MAR
3499,MAR
3500,MAR
3501,MAR
3502,MAR
3503,MAR
3504,MAR
3505,MAR
3506,MAR
3507,SWE
3508,MAR
3509,MAR
3510,MAR
3511,MAR
3512,MAR
3513,MAR
3514,MAR
3515,MAR
3516,MAR
3517,SWE
3518,SWE
3519,MAR
3520,MAR
3521,MAR
3522,SWE
3523,MAR
3524,MAR
3525,MAR
3526,MAR
3527,SWE
3528,MAR
3529,SWE
3530,MAR
3531,SWE
3532,MAR
3533,MAR
3534,MAR
3535,MAR
3536,SWE
3537,MAR
3538,MAR
3539,MAR
3540,MAR
3541,MAR
3542,SWE
3543,SWE
3544,MAR
3545,MAR
3546,SWE
3547,MAR
3548,MAR
3549,MAR
3550,SWE
3551,SWE
3552,MAR
3553,MAR
3554,MAR
3555,SWE
3556,MAR
3557,MAR
3558,MAR
3559,MAR
3560,MAR
3561,MAR
3562,MAR
3563,MAR
3564,MAR
3565,SWE
3566,MAR
3567,MAR
3568,MAR
3569,MAR
3570,MAR
3571,MAR
3572,MAR
3573,MAR
3574,MAR
3575,MAR
3576,MAR
3577,MAR
3578,MAR
3579,MAR
3580,MAR
3581,MAR
3582,MAR
3583,MAR
3584,MAR
3585,MAR
3586,MAR
3587,MAR
3588,MAR
3589,SWE
3590,MAR
3591,MAR
3592,MAR
3593,MAR
3594,MAR
3595,MAR
3596,MAR
3597,MAR
3598,MAR
3599,SWE
3600,MAR
3601,MAR
3602,MAR
3603,SWE
3604,MAR
3605,MAR
3606,MAR
3607,MAR
3608,MAR
3609,MAR
3610,MAR
3611,MAR
3612,MAR
3613,MAR
3614,MAR
3615,MAR
3616,MAR
3617,SWE
3618,MAR
3619,MAR
3620,MAR
3621,MAR
3622,MAR
3623,MAR
3624,MAR
3625,SWE
3626,MAR
3627,MAR
3628,SWE
3629,MAR
3630,MAR
3631,MAR
3632,MAR
3633,MAR
3634,MAR
3635,MAR
3636,MAR
3637,MAR
3638,MAR
3639,MAR
3640,MAR
3641,MAR
3642,MAR
3643,MAR
3644,MAR
3645,MAR
3646,SWE
3647,MAR
3648,MAR
3649,MAR
3650,MAR
3651,MAR
3652,MAR
3653,MAR
3654,MAR
3655,MAR
3656,MAR
3657,MAR
3658,MAR
3659,MAR
3660,MAR
3661,MAR
3662,MAR
3663,MAR
3664,MAR
3665,MAR
3666,MAR
3667,MAR
3668,MAR
3669,MAR
3670,MAR
3671,MAR
3672,SWE
3673,MAR
3674,MAR
3675,MAR
3676,MAR
3677,MAR
3678,MAR
3679,MAR
3680,MAR
3681,MAR
3682,SWE
3683,MAR
3684,MAR
3685,MAR
3686,MAR
3687,MAR
3688,MAR
3689,MAR
3690,MAR
3691,MAR
3692,MAR
3693,MAR
3694,MAR
3695,MAR
3696,MAR
3697,MAR
3698,MAR
3699,MAR
3700,MAR
3701,MAR
3702,MAR
3703,MAR
3704,MAR
3705,MAR
3706,MAR
3707,MAR
3708,MAR
3709,MAR
3710,MAR
3711,MAR
3712,MAR
3713,MAR
3714,MAR
3715,MAR
3716,MAR
3717,MAR
3718,MAR
3719,MAR
3720,MAR
3721,MAR
3722,MAR
3723,MAR
3724,MAR
3725,MAR
3726,MAR
3727,MAR
3728,MAR
3729,MAR
3730,MAR
3731,MAR
3732,MAR
3733,MAR
3734,MAR
3735,MAR
3736,MAR
3737,MAR
3738,MAR
3739,MAR
3740,MAR
3741,MAR
3742,MAR
3743,MAR
3744,MAR
3745,MAR
3746,MAR
3747,MAR
3748,SWE
3749,MAR
3750,MAR
3751,MAR
3752,MAR
3753,MAR
3754,MAR
3755,MAR
3756,MAR
3757,MAR
3758,MAR
3759,MAR
3760,MAR
3761,MAR
3762,MAR
3763,MAR
3764,MAR
3765,MAR
3766,MAR
3767,MAR
3768,MAR
3769,MAR
3770,MAR
3771,MAR
3772,MAR
3773,MAR
3774,MAR
3775,MAR
3776,MAR
3777,MAR
3778,SWE
3779,MAR
3780,SWE
3781,MAR
3782,MAR
3783,MAR
3784,SWE
3785,MAR
3786,MAR
3787,MAR
3788,MAR
3789,MAR
3790,MAR
3791,MAR
3792,MAR
3793,MAR
3794,MAR
3795,MAR
3796,SWE
3797,MAR
3798,MAR
3799,MAR
3800,MAR
3801,MAR
3802,MAR
3803,MAR
3804,MAR
3805,MAR
3806,MAR
3807,MAR
3808,MAR
3809,MAR
3810,MAR
3811,MAR
3812,MAR
3813,MAR
3814,MAR
3815,MAR
3816,MAR
3817,MAR
3818,MAR
3819,MAR
3820,SWE
3821,MAR
3822,MAR
3823,MAR
3824,MAR
3825,MAR
3826,SWE
3827,MAR
3828,MAR
3829,MAR
3830,SWE
3831,MAR
3832,MAR
3833,MAR
3834,MAR
3835,MAR
3836,MAR
3837,MAR
3838,MAR
3839,MAR
3840,MAR
3841,MAR
3842,MAR
3843,MAR
3844,SWE
3845,MAR
3846,MAR
3847,MAR
3848,MAR
3849,MAR
3850,MAR
3851,MAR
3852,MAR
3853,MAR
3854,MAR
3855,MAR
3856,MAR
3857,MAR
3858,MAR
3859,MAR
3860,MAR
3861,MAR
3862,MAR
3863,MAR
3864,MAR
3865,MAR
3866,MAR
3867,MAR
3868,SWE
3869,MAR
3870,MAR
3871,MAR
3872,MAR
3873,MAR
3874,MAR
3875,MAR
3876,MAR
3877,MAR
3878,MAR
3879,MAR
3880,MAR
3881,MAR
3882,MAR
3883,MAR
3884,MAR
3885,MAR
3886,SWE
3887,SWE
3888,MAR
3889,MAR
3890,MAR
3891,MAR
3892,SWE
3893,MAR
3894,MAR
3895,MAR
3896,MAR
3897,MAR
3898,MAR
3899,MAR
3900,MAR
3901,MAR
3902,MAR
3903,MAR
3904,MAR
3905,MAR
3906,MAR
3907,MAR
3908,MAR
3909,MAR
3910,MAR
3911,SWE
3912,MAR
3913,MAR
3914,MAR
3915,SWE
3916,MAR
3917,MAR
3918,MAR
3919,SWE
3920,MAR
3921,MAR
3922,MAR
3923,MAR
3924,SWE
3925,MAR
3926,MAR
3927,MAR
3928,MAR
3929,MAR
3930,MAR
3931,MAR
3932,MAR
3933,MAR
3934,MAR
3935,MAR
3936,MAR
3937,MAR
3938,MAR
3939,MAR
3940,MAR
3941,MAR
3942,MAR
3943,MAR
3944,MAR
3945,MAR
3946,MAR
3947,MAR
3948,MAR
3949,SWE
3950,MAR
3951,MAR
3952,MAR
3953,SWE
3954,SWE
3955,MAR
3956,MAR
3957,MAR
3958,MAR
3959,MAR
3960,MAR
3961,MAR
3962,MAR
3963,MAR
3964,MAR
3965,MAR
3966,MAR
3967,MAR
3968,MAR
3969,MAR
3970,MAR
3971,MAR
3972,MAR
3973,MAR
3974,MAR
3975,MAR
3976,SWE
3977,MAR
3978,SWE
3979,MAR
3980,MAR
3981,MAR
3982,MAR
3983,MAR
3984,MAR
3985,MAR
3986,MAR
3987,MAR
3988,MAR
3989,MAR
3990,MAR
3991,MAR
3992,MAR
3993,MAR
3994,MAR
3995,MAR
3996,MAR
3997,MAR
3998,SWE
3999,SWE
4000,SWE
4001,MAR
4002,MAR
4003,MAR
4004,MAR
4005,MAR
4006,SWE
4007,MAR
4008,MAR
4009,MAR
4010,MAR
4011,MAR
4012,SWE
4013,MAR
4014,MAR
4015,MAR
4016,MAR
4017,MAR
4018,MAR
4019,MAR
4020,MAR
4021,MAR
4022,MAR
4023,MAR
4024,MAR
4025,MAR
4026,MAR
4027,MAR
4028,MAR
4029,MAR
4030,MAR
4031,MAR
4032,MAR
4033,MAR
4034,MAR
4035,MAR
4036,MAR
4037,MAR
4038,MAR
4039,MAR
4040,MAR
4041,MAR
4042,MAR
4043,MAR
4044,MAR
4045,MAR
4046,MAR
4047,MAR
4048,MAR
4049,MAR
4050,MAR
4051,MAR
4052,MAR
4053,MAR
4054,MAR
4055,MAR
4056,MAR
4057,MAR
4058,MAR
4059,MAR
4060,MAR
4061,MAR
4062,MAR
4063,MAR
4064,MAR
4065,SWE
4066,MAR
4067,MAR
4068,MAR
4069,MAR
4070,MAR
4071,SWE
4072,MAR
4073,MAR
4074,MAR
4075,MAR
4076,MAR
4077,MAR
4078,MAR
4079,MAR
4080,MAR
4081,MAR
4082,MAR
4083,MAR
4084,MAR
4085,MAR
4086,MAR
4087,MAR
4088,MAR
4089,MAR
4090,MAR
4091,MAR
4092,MAR
4093,MAR
4094,MAR
4095,MAR
4096,MAR
4097,MAR
4098,MAR
4099,MAR
4100,MAR
4101,SWE
4102,MAR
4103,MAR
4104,MAR
4105,MAR
4106,MAR
4107,MAR
4108,MAR
4109,MAR
4110,MAR
4111,SWE
4112,MAR
4113,SWE
4114,MAR
4115,MAR
4116,MAR
4117,SWE
4118,MAR
4119,SWE
4120,MAR
4121,MAR
4122,MAR
4123,SWE
4124,MAR
4125,MAR
4126,MAR
4127,MAR
4128,MAR
4129,MAR
4130,MAR
4131,MAR
4132,MAR
4133,MAR
4134,MAR
4135,MAR
4136,MAR
4137,MAR
4138,MAR
4139,MAR
4140,MAR
4141,MAR
4142,MAR
4143,MAR
4144,MAR
4145,MAR
4146,MAR
4147,MAR
4148,MAR
4149,MAR
4150,MAR
4151,SWE
4152,MAR
4153,MAR
4154,MAR
4155,MAR
4156,MAR
4157,MAR
4158,MAR
4159,MAR
4160,MAR
4161,MAR
4162,MAR
4163,MAR
4164,MAR
4165,MAR
4166,MAR
4167,MAR
4168,MAR
4169,MAR
4170,MAR
4171,MAR
4172,MAR
4173,MAR
4174,MAR
4175,MAR
4176,MAR
4177,MAR
4178,MAR
4179,MAR
4180,MAR
4181,MAR
4182,SWE
4183,MAR
4184,MAR
4185,MAR
4186,MAR
4187,MAR
4188,MAR
4189,MAR
4190,MAR
4191,MAR
4192,MAR
4193,MAR
4194,MAR
4195,MAR
4196,MAR
4197,SWE
4198,MAR
4199,MAR
4200,MAR
4201,MAR
4202,MAR
4203,MAR
4204,SWE
4205,MAR
4206,MAR
4207,SWE
4208,MAR
4209,MAR
4210,MAR
4211,MAR
4212,MAR
4213,MAR
4214,MAR
4215,MAR
4216,MAR
4217,MAR
4218,MAR
4219,MAR
4220,MAR
4221,MAR
4222,SWE
4223,MAR
4224,MAR
4225,MAR
4226,MAR
4227,MAR
4228,SWE
4229,MAR
4230,MAR
4231,MAR
4232,MAR
4233,MAR
4234,MAR
4235,MAR
4236,MAR
4237,MAR
4238,MAR
4239,MAR
4240,MAR
4241,MAR
4242,MAR
4243,MAR
4244,MAR
4245,MAR
4246,MAR
4247,MAR
4248,MAR
4249,MAR
4250,MAR
4251,MAR
4252,SWE
4253,MAR
4254,MAR
4255,MAR
4256,SWE
4257,MAR
4258,MAR
4259,MAR
4260,MAR
4261,SWE
4262,MAR
4263,MAR
4264,MAR
4265,MAR
4266,MAR
4267,MAR
4268,MAR
4269,MAR
4270,SWE
4271,MAR
4272,MAR
4273,MAR
4274,MAR
4275,MAR
4276,MAR
4277,MAR
4278,MAR
4279,MAR
4280,MAR
4281,MAR
4282,MAR
4283,MAR
4284,SWE
4285,MAR
4286,MAR
4287,MAR
4288,MAR
4289,MAR
4290,SWE
4291,MAR
4292,MAR
4293,MAR
4294,MAR
4295,MAR
4296,MAR
4297,MAR
4298,MAR
4299,SWE
4300,MAR
4301,SWE
4302,MAR
4303,MAR
4304,MAR
4305,MAR
4306,MAR
4307,MAR
4308,MAR
4309,MAR
4310,MAR
4311,MAR
4312,SWE
4313,MAR
4314,MAR
4315,MAR
4316,MAR
4317,MAR
4318,SWE
4319,MAR
4320,MAR
4321,MAR
4322,MAR
4323,MAR
4324,MAR
4325,MAR
4326,MAR
4327,MAR
4328,MAR
4329,MAR
4330,MAR
4331,MAR
4332,MAR
4333,MAR
4334,MAR
4335,MAR
4336,MAR
4337,MAR
4338,MAR
4339,MAR
4340,MAR
4341,MAR
4342,MAR
4343,MAR
4344,MAR
4345,MAR
4346,MAR
4347,MAR
4348,MAR
4349,MAR
4350,MAR
4351,MAR
4352,MAR
4353,MAR
4354,MAR
4355,MAR
4356,MAR
4357,MAR
4358,MAR
4359,MAR
4360,MAR
4361,MAR
4362,MAR
4363,MAR
4364,MAR
4365,MAR
4366,MAR
4367,MAR
4368,MAR
4369,MAR
4370,MAR
4371,MAR
4372,MAR
4373,MAR
4374,MAR
4375,MAR
4376,MAR
4377,MAR
4378,MAR
4379,MAR
4380,MAR
4381,MAR
4382,SWE
4383,MAR
4384,MAR
4385,MAR
4386,MAR
4387,MAR
4388,MAR
4389,MAR
4390,MAR
4391,MAR
4392,MAR
4393,MAR
4394,MAR
4395,MAR
4396,MAR
4397,MAR
4398,MAR
4399,MAR
4400,MAR
4401,MAR
4402,MAR
4403,MAR
4404,MAR
4405,MAR
4406,MAR
4407,MAR
4408,MAR
4409,MAR
4410,MAR
4411,MAR
4412,MAR
4413,MAR
4414,SWE
4415,MAR
4416,MAR
4417,MAR
4418,MAR
4419,SWE
4420,MAR
4421,MAR
4422,MAR
4423,MAR
4424,MAR
4425,MAR
4426,MAR
4427,MAR
4428,MAR
4429,MAR
4430,MAR
4431,MAR
4432,MAR
4433,MAR
4434,MAR
4435,MAR
4436,MAR
4437,SWE
4438,MAR
4439,MAR
4440,MAR
4441,MAR
4442,MAR
4443,MAR
4444,MAR
4445,MAR
4446,MAR
4447,MAR
4448,MAR
4449,MAR
4450,MAR
4451,MAR
4452,MAR
4453,MAR
4454,MAR
4455,SWE
4456,MAR
4457,MAR
4458,MAR
4459,MAR
4460,MAR
4461,MAR
4462,MAR
4463,MAR
4464,MAR
4465,SWE
4466,MAR
4467,SWE
4468,MAR
4469,MAR
4470,MAR
4471,MAR
4472,MAR
4473,MAR
4474,MAR
4475,MAR
4476,MAR
4477,MAR
4478,SWE
4479,MAR
4480,MAR
4481,MAR
4482,MAR
4483,MAR
4484,MAR
4485,MAR
4486,MAR
4487,MAR
4488,SWE
4489,MAR
4490,MAR
4491,MAR
4492,MAR
4493,MAR
4494,MAR
4495,MAR
4496,MAR
4497,SWE
4498,MAR
4499,MAR
4500,MAR
4501,MAR
4502,MAR
4503,MAR
4504,MAR
4505,MAR
4506,SWE
4507,MAR
4508,MAR
4509,SWE
4510,MAR
4511,MAR
4512,MAR
4513,SWE
4514,MAR
4515,MAR
4516,MAR
4517,MAR
4518,MAR
4519,MAR
4520,SWE
4521,MAR
4522,MAR
4523,MAR
4524,MAR
4525,MAR
4526,MAR
4527,MAR
4528,MAR
4529,MAR
4530,MAR
4531,MAR
4532,MAR
4533,MAR
4534,SWE
4535,SWE
4536,MAR
4537,MAR
4538,MAR
4539,MAR
4540,MAR
4541,MAR
4542,MAR
4543,MAR
4544,MAR
4545,MAR
4546,MAR
4547,MAR
4548,SWE
4549,MAR
4550,MAR
4551,MAR
4552,MAR
4553,MAR
4554,SWE
4555,MAR
4556,MAR
4557,MAR
4558,MAR
4559,MAR
4560,MAR
4561,MAR
4562,MAR
4563,MAR
4564,MAR
4565,MAR
4566,SWE
4567,MAR
4568,MAR
4569,MAR
4570,MAR
4571,MAR
4572,MAR
4573,MAR
4574,MAR
4575,MAR
4576,MAR
4577,MAR
4578,MAR
4579,MAR
4580,MAR
4581,MAR
4582,MAR
4583,MAR
4584,MAR
4585,MAR
4586,SWE
4587,MAR
4588,MAR
4589,MAR
4590,MAR
4591,MAR
4592,MAR
4593,MAR
4594,MAR
4595,MAR
4596,MAR
4597,MAR
4598,MAR
4599,MAR
4600,MAR
4601,MAR
4602,MAR
4603,MAR
4604,MAR
4605,MAR
4606,MAR
4607,MAR
4608,MAR
4609,MAR
4610,MAR
4611,MAR
4612,MAR
4613,MAR
4614,MAR
4615,MAR
4616,MAR
4617,MAR
4618,MAR
4619,SWE
4620,MAR
4621,MAR
4622,MAR
4623,MAR
4624,MAR
4625,MAR
4626,SWE
4627,MAR
4628,MAR
4629,MAR
4630,MAR
4631,MAR
4632,MAR
4633,SWE
4634,MAR
4635,MAR
4636,MAR
4637,MAR
4638,MAR
4639,SWE
4640,MAR
4641,MAR
4642,MAR
4643,MAR
4644,MAR
4645,SWE
4646,MAR
4647,MAR
4648,MAR
4649,SWE
4650,MAR
4651,MAR
4652,MAR
4653,MAR
4654,MAR
4655,MAR
4656,SWE
4657,MAR
4658,MAR
4659,MAR
4660,MAR
4661,MAR
4662,MAR
4663,SWE
4664,MAR
4665,MAR
4666,MAR
4667,MAR
4668,MAR
4669,MAR
4670,MAR
4671,MAR
4672,MAR
4673,MAR
4674,MAR
4675,MAR
4676,MAR
4677,MAR
4678,MAR
4679,MAR
4680,MAR
4681,MAR
4682,MAR
4683,MAR
4684,MAR
4685,MAR
4686,MAR
4687,MAR
4688,MAR
4689,MAR
4690,MAR
4691,MAR
4692,MAR
4693,MAR
4694,MAR
4695,MAR
4696,MAR
4697,MAR
4698,MAR
4699,MAR
4700,MAR
4701,MAR
4702,MAR
4703,MAR
4704,SWE
4705,MAR
4706,MAR
4707,MAR
4708,MAR
4709,MAR
4710,MAR
4711,MAR
4712,MAR
4713,MAR
4714,MAR
4715,MAR
4716,MAR
4717,MAR
4718,MAR
4719,MAR
4720,MAR
4721,SWE
4722,MAR
4723,MAR
4724,MAR
4725,MAR
4726,MAR
4727,MAR
4728,MAR
4729,MAR
4730,MAR
4731,MAR
4732,MAR
4733,MAR
4734,MAR
4735,MAR
4736,MAR
4737,MAR
4738,MAR
4739,MAR
4740,MAR
4741,MAR
4742,MAR
4743,MAR
4744,MAR
4745,MAR
4746,MAR
4747,MAR
4748,MAR
4749,MAR
4750,MAR
4751,MAR
4752,MAR
4753,MAR
4754,MAR
4755,MAR
4756,MAR
4757,MAR
4758,MAR
4759,MAR
4760,MAR
4761,MAR
4762,MAR
4763,MAR
4764,MAR
4765,MAR
4766,SWE
4767,MAR
4768,MAR
4769,MAR
4770,MAR
4771,MAR
4772,MAR
4773,MAR
4774,MAR
4775,MAR
4776,MAR
4777,MAR
4778,MAR
4779,MAR
4780,MAR
4781,MAR
4782,MAR
4783,MAR
4784,MAR
4785,MAR
4786,MAR
4787,MAR
4788,MAR
4789,MAR
4790,MAR
4791,MAR
4792,MAR
4793,MAR
4794,MAR
4795,MAR
4796,SWE
4797,MAR
4798,MAR
4799,MAR
4800,MAR
4801,MAR
4802,MAR
4803,MAR
4804,MAR
4805,MAR
4806,MAR
4807,MAR
4808,MAR
4809,MAR
4810,MAR
4811,MAR
4812,MAR
4813,MAR
4814,SWE
4815,MAR
4816,MAR
4817,MAR
4818,MAR
4819,MAR
4820,MAR
4821,MAR
4822,MAR
4823,MAR
4824,MAR
4825,SWE
4826,MAR
4827,MAR
4828,MAR
4829,MAR
4830,MAR
4831,MAR
4832,MAR
4833,MAR
4834,MAR
4835,SWE
4836,MAR
4837,MAR
4838,MAR
4839,MAR
4840,MAR
4841,MAR
4842,MAR
4843,MAR
4844,MAR
4845,MAR
4846,MAR
4847,MAR
4848,MAR
4849,MAR
4850,MAR
4851,MAR
4852,MAR
4853,MAR
4854,MAR
4855,MAR
4856,MAR
4857,SWE
4858,MAR
4859,MAR
4860,MAR
4861,MAR
4862,MAR
4863,MAR
4864,SWE
4865,MAR
4866,MAR
4867,MAR
4868,MAR
4869,MAR
4870,MAR
4871,SWE
4872,MAR
4873,MAR
4874,MAR
4875,MAR
4876,SWE
4877,MAR
4878,MAR
4879,MAR
4880,MAR
4881,MAR
4882,MAR
4883,MAR
4884,MAR
4885,MAR
4886,SWE
4887,MAR
4888,MAR
4889,MAR
4890,MAR
4891,SWE
4892,MAR
4893,MAR
4894,MAR
4895,MAR
4896,MAR
4897,MAR
4898,MAR
4899,MAR
4900,MAR
4901,MAR
4902,MAR
4903,MAR
4904,MAR
4905,MAR
4906,MAR
4907,MAR
4908,MAR
4909,MAR
4910,MAR
4911,MAR
4912,MAR
4913,MAR
4914,MAR
4915,MAR
4916,MAR
4917,MAR
4918,MAR
4919,MAR
4920,MAR
4921,MAR
4922,MAR
4923,MAR
4924,MAR
4925,SWE
4926,MAR
4927,MAR
4928,MAR
4929,MAR
4930,MAR
4931,MAR
4932,MAR
4933,SWE
4934,MAR
4935,MAR
4936,MAR
4937,SWE
4938,MAR
4939,MAR
4940,MAR
4941,MAR
4942,MAR
4943,MAR
4944,MAR
4945,MAR
4946,MAR
4947,MAR
4948,MAR
4949,MAR
4950,MAR
4951,MAR
4952,MAR
4953,MAR
4954,MAR
4955,MAR
4956,MAR
4957,SWE
4958,MAR
4959,MAR
4960,MAR
4961,MAR
4962,MAR
4963,MAR
4964,MAR
4965,MAR
4966,MAR
4967,MAR
4968,MAR
4969,MAR
4970,MAR
4971,MAR
4972,MAR
4973,MAR
4974,MAR
4975,MAR
4976,MAR
4977,MAR
4978,MAR
4979,MAR
4980,MAR
4981,MAR
4982,MAR
4983,MAR
4984,MAR
4985,MAR
4986,MAR
4987,MAR
4988,SWE
4989,MAR
4990,MAR
4991,MAR
4992,MAR
4993,MAR
4994,MAR
4995,MAR
4996,MAR
4997,MAR
4998,MAR
4999,MAR
5000,SWE
5001,MAR
5002,SWE
5003,MAR
5004,MAR
5005,MAR
5006,MAR
5007,MAR
5008,MAR
5009,MAR
5010,MAR
5011,MAR
5012,MAR
5013,MAR
5014,MAR
5015,MAR
5016,MAR
5017,MAR
5018,SWE
5019,MAR
5020,MAR
5021,MAR
5022,MAR
5023,MAR
5024,MAR
5025,MAR
5026,MAR
5027,MAR
5028,MAR
5029,MAR
5030,MAR
5031,MAR
5032,MAR
5033,MAR
5034,MAR
5035,MAR
5036,MAR
5037,MAR
5038,MAR
5039,MAR
5040,MAR
5041,MAR
5042,MAR
5043,MAR
5044,MAR
5045,MAR
5046,MAR
5047,MAR
5048,MAR
5049,MAR
5050,MAR
5051,MAR
5052,MAR
5053,SWE
5054,MAR
5055,MAR
5056,MAR
5057,MAR
5058,SWE
5059,MAR
5060,MAR
5061,MAR
5062,SWE
5063,MAR
5064,MAR
5065,MAR
5066,MAR
5067,MAR
5068,MAR
5069,MAR
5070,MAR
5071,MAR
5072,SWE
5073,MAR
5074,MAR
5075,MAR
5076,MAR
5077,MAR
5078,MAR
5079,MAR
5080,MAR
5081,MAR
5082,MAR
5083,MAR
5084,MAR
5085,MAR
5086,MAR
5087,MAR
5088,SWE
5089,MAR
5090,MAR
5091,MAR
5092,MAR
5093,MAR
5094,MAR
5095,MAR
5096,MAR
5097,MAR
5098,MAR
5099,MAR
5100,MAR
5101,MAR
5102,MAR
5103,MAR
5104,MAR
5105,MAR
5106,MAR
5107,MAR
5108,MAR
5109,MAR
5110,MAR
5111,MAR
5112,MAR
5113,MAR
5114,MAR
5115,MAR
5116,MAR
5117,MAR
5118,MAR
5119,MAR
5120,MAR
5121,MAR
5122,MAR
5123,MAR
5124,MAR
5125,MAR
5126,MAR
5127,MAR
5128,MAR
5129,MAR
5130,MAR
5131,MAR
5132,MAR
5133,MAR
5134,MAR
5135,MAR
5136,MAR
5137,MAR
5138,MAR
5139,MAR
5140,SWE
5141,MAR
5142,SWE
5143,MAR
5144,MAR
5145,MAR
5146,MAR
5147,MAR
5148,MAR
5149,MAR
5150,MAR
5151,MAR
5152,MAR
5153,MAR
5154,MAR
5155,MAR
5156,SWE
5157,MAR
5158,MAR
5159,MAR
5160,MAR
5161,MAR
5162,MAR
5163,SWE
5164,MAR
5165,MAR
5166,MAR
5167,MAR
5168,MAR
5169,MAR
5170,MAR
5171,MAR
5172,MAR
5173,MAR
5174,MAR
5175,MAR
5176,MAR
5177,MAR
5178,MAR
5179,MAR
5180,MAR
5181,MAR
5182,MAR
5183,MAR
5184,SWE
5185,MAR
5186,MAR
5187,SWE
5188,SWE
5189,MAR
5190,MAR
5191,MAR
5192,MAR
5193,SWE
5194,MAR
5195,MAR
5196,MAR
5197,MAR
5198,MAR
5199,MAR
5200,MAR
5201,MAR
5202,MAR
5203,MAR
5204,MAR
5205,MAR
5206,MAR
5207,MAR
5208,MAR
5209,MAR
5210,MAR
5211,MAR
5212,MAR
5213,MAR
5214,MAR
5215,MAR
5216,MAR
5217,MAR
5218,MAR
5219,MAR
5220,MAR
5221,MAR
5222,MAR
5223,MAR
5224,SWE
5225,SWE
5226,MAR
5227,SWE
5228,MAR
5229,MAR
5230,MAR
5231,MAR
5232,MAR
5233,MAR
5234,MAR
5235,MAR
5236,MAR
5237,MAR
5238,SWE
5239,MAR
5240,MAR
5241,MAR
5242,MAR
5243,MAR
5244,MAR
5245,MAR
5246,MAR
5247,MAR
5248,MAR
5249,MAR
5250,MAR
5251,MAR
5252,SWE
5253,MAR
5254,MAR
5255,MAR
5256,MAR
5257,MAR
5258,MAR
5259,MAR
5260,MAR
5261,MAR
5262,MAR
5263,MAR
5264,MAR
5265,MAR
5266,MAR
5267,MAR
5268,MAR
5269,MAR
5270,MAR
5271,MAR
5272,MAR
5273,MAR
5274,MAR
5275,MAR
5276,MAR
5277,SWE
5278,MAR
5279,MAR
5280,MAR
5281,MAR
5282,SWE
5283,MAR
5284,SWE
5285,MAR
5286,MAR
5287,MAR
5288,MAR
5289,MAR
5290,MAR
5291,MAR
5292,MAR
5293,MAR
5294,SWE
5295,MAR
5296,MAR
5297,MAR
5298,MAR
5299,MAR
5300,MAR
5301,MAR
5302,MAR
5303,MAR
5304,MAR
5305,MAR
5306,MAR
5307,MAR
5308,MAR
5309,SWE
5310,MAR
5311,SWE
5312,MAR
5313,MAR
5314,MAR
5315,MAR
5316,MAR
5317,MAR
5318,MAR
5319,MAR
5320,MAR
5321,MAR
5322,MAR
5323,MAR
5324,MAR
5325,MAR
5326,MAR
5327,MAR
5328,MAR
5329,MAR
5330,MAR
5331,SWE
5332,MAR
5333,MAR
5334,MAR
5335,MAR
5336,MAR
5337,MAR
5338,MAR
5339,SWE
5340,MAR
5341,MAR
5342,MAR
5343,MAR
5344,MAR
5345,MAR
5346,SWE
5347,MAR
5348,MAR
5349,MAR
5350,MAR
5351,MAR
5352,MAR
5353,MAR
5354,MAR
5355,MAR
5356,MAR
5357,MAR
5358,MAR
5359,MAR
5360,MAR
5361,MAR
5362,MAR
5363,MAR
5364,MAR
5365,MAR
5366,MAR
5367,MAR
5368,MAR
5369,MAR
5370,MAR
5371,SWE
5372,MAR
5373,MAR
5374,MAR
5375,MAR
5376,MAR
5377,SWE
5378,MAR
5379,MAR
5380,MAR
5381,MAR
5382,SWE
5383,MAR
5384,SWE
5385,MAR
5386,MAR
5387,MAR
5388,MAR
5389,MAR
5390,MAR
5391,MAR
5392,MAR
5393,MAR
5394,MAR
5395,MAR
5396,MAR
5397,MAR
5398,MAR
5399,MAR
5400,SWE
5401,MAR
5402,MAR
5403,MAR
5404,MAR
5405,MAR
5406,MAR
5407,SWE
5408,MAR
5409,MAR
5410,MAR
5411,MAR
5412,MAR
5413,MAR
5414,MAR
5415,MAR
5416,MAR
5417,MAR
5418,MAR
5419,MAR
5420,MAR
5421,MAR
5422,MAR
5423,MAR
5424,MAR
5425,MAR
5426,MAR
5427,MAR
5428,MAR
5429,MAR
5430,MAR
5431,SWE
5432,MAR
5433,MAR
5434,MAR
5435,SWE
5436,MAR
5437,MAR
5438,MAR
5439,MAR
5440,MAR
5441,MAR
5442,MAR
5443,MAR
5444,MAR
5445,SWE
5446,MAR
5447,MAR
5448,MAR
5449,MAR
5450,MAR
5451,MAR
5452,MAR
5453,MAR
5454,MAR
5455,MAR
5456,MAR
5457,MAR
5458,MAR
5459,MAR
5460,MAR
5461,MAR
5462,MAR
5463,MAR
5464,MAR
5465,MAR
5466,MAR
5467,MAR
5468,MAR
5469,MAR
5470,MAR
5471,MAR
5472,MAR
5473,MAR
5474,MAR
5475,MAR
5476,SWE
5477,MAR
5478,MAR
5479,MAR
5480,MAR
5481,MAR
5482,MAR
5483,MAR
5484,MAR
5485,MAR
5486,MAR
5487,MAR
5488,MAR
5489,MAR
5490,MAR
5491,SWE
5492,MAR
5493,MAR
5494,MAR
5495,SWE
5496,MAR
5497,MAR
5498,MAR
5499,MAR
5500,MAR
5501,MAR
5502,MAR
5503,MAR
5504,MAR
5505,MAR
5506,MAR
5507,MAR
5508,MAR
5509,MAR
5510,MAR
5511,MAR
5512,MAR
5513,MAR
5514,MAR
5515,MAR
5516,MAR
5517,MAR
5518,MAR
5519,MAR
5520,MAR
5521,MAR
5522,MAR
5523,MAR
5524,MAR
5525,MAR
5526,MAR
5527,MAR
5528,MAR
5529,MAR
5530,MAR
5531,MAR
5532,MAR
5533,MAR
5534,MAR
5535,MAR
5536,MAR
5537,MAR
5538,MAR
5539,MAR
5540,MAR
5541,MAR
5542,MAR
5543,MAR
5544,MAR
5545,MAR
5546,MAR
5547,MAR
5548,MAR
5549,MAR
5550,MAR
5551,MAR
5552,MAR
5553,MAR
5554,MAR
5555,MAR
5556,MAR
5557,MAR
5558,MAR
5559,MAR
5560,MAR
5561,MAR
5562,MAR
5563,MAR
5564,MAR
5565,MAR
5566,MAR
5567,MAR
5568,MAR
5569,MAR
5570,MAR
5571,MAR
5572,MAR
5573,MAR
5574,MAR
5575,MAR
5576,MAR
5577,MAR
5578,MAR
5579,MAR
5580,MAR
5581,MAR
5582,MAR
5583,MAR
5584,MAR
5585,MAR
5586,MAR
5587,MAR
5588,MAR
5589,MAR
5590,MAR
5591,MAR
5592,MAR
5593,MAR
5594,MAR
5595,MAR
5596,SWE
5597,MAR
5598,MAR
5599,MAR
5600,MAR
5601,MAR
5602,MAR
5603,MAR
5604,MAR
5605,MAR
5606,MAR
5607,MAR
5608,MAR
5609,MAR
5610,MAR
5611,SWE
5612,MAR
5613,MAR
5614,MAR
5615,MAR
5616,SWE
5617,MAR
5618,MAR
5619,MAR
5620,MAR
5621,MAR
5622,MAR
5623,MAR
5624,MAR
5625,MAR
5626,MAR
5627,MAR
5628,MAR
5629,MAR
5630,SWE
5631,MAR
5632,MAR
5633,MAR
5634,SWE
5635,MAR
5636,MAR
5637,MAR
5638,MAR
5639,MAR
5640,MAR
5641,MAR
5642,MAR
5643,MAR
5644,MAR
5645,MAR
5646,MAR
5647,MAR
5648,MAR
5649,MAR
5650,MAR
5651,MAR
5652,SWE
5653,MAR
5654,MAR
5655,MAR
5656,MAR
5657,MAR
5658,MAR
5659,MAR
5660,MAR
5661,MAR
5662,MAR
5663,MAR
5664,MAR
5665,MAR
5666,SWE
5667,MAR
5668,MAR
5669,MAR
5670,MAR
5671,MAR
5672,MAR
5673,MAR
5674,MAR
5675,MAR
5676,MAR
5677,MAR
5678,MAR
5679,MAR
5680,MAR
5681,MAR
5682,MAR
5683,MAR
5684,MAR
5685,MAR
5686,MAR
5687,MAR
5688,MAR
5689,MAR
5690,MAR
5691,MAR
5692,MAR
5693,MAR
5694,MAR
5695,SWE
5696,MAR
5697,MAR
5698,MAR
5699,MAR
5700,MAR
5701,SWE
5702,MAR
5703,MAR
5704,MAR
5705,MAR
5706,MAR
5707,MAR
5708,MAR
5709,MAR
5710,MAR
5711,MAR
5712,MAR
5713,MAR
5714,MAR
5715,MAR
5716,MAR
5717,SWE
5718,MAR
5719,MAR
5720,MAR
5721,MAR
5722,MAR
5723,MAR
5724,MAR
5725,MAR
5726,MAR
5727,MAR
5728,MAR
5729,MAR
5730,MAR
5731,MAR
5732,MAR
5733,MAR
5734,SWE
5735,MAR
5736,MAR
5737,MAR
5738,MAR
5739,MAR
5740,MAR
5741,MAR
5742,MAR
5743,MAR
5744,MAR
5745,MAR
5746,MAR
5747,MAR
5748,MAR
5749,MAR
5750,MAR
5751,MAR
5752,SWE
5753,MAR
5754,MAR
5755,MAR
5756,MAR
5757,MAR
5758,MAR
5759,MAR
5760,MAR
5761,SWE
5762,MAR
5763,MAR
5764,MAR
5765,SWE
5766,MAR
5767,MAR
5768,MAR
5769,MAR
5770,MAR
5771,MAR
5772,MAR
5773,MAR
5774,MAR
5775,MAR
5776,MAR
5777,SWE
5778,SWE
5779,SWE
5780,MAR
5781,MAR
5782,MAR
5783,MAR
5784,MAR
5785,SWE
5786,MAR
5787,MAR
5788,MAR
5789,MAR
5790,MAR
5791,MAR
5792,MAR
5793,MAR
5794,MAR
5795,MAR
5796,MAR
5797,SWE
5798,SWE
5799,MAR
5800,MAR
5801,MAR
5802,MAR
5803,MAR
5804,MAR
5805,MAR
5806,MAR
5807,MAR
5808,MAR
5809,MAR
5810,MAR
5811,MAR
5812,MAR
5813,MAR
5814,MAR
5815,MAR
5816,MAR
5817,MAR
5818,MAR
5819,MAR
5820,MAR
5821,MAR
5822,MAR
5823,MAR
5824,SWE
5825,MAR
5826,MAR
5827,MAR
5828,MAR
5829,MAR
5830,MAR
5831,SWE
5832,MAR
5833,MAR
5834,MAR
5835,MAR
5836,MAR
5837,MAR
5838,MAR
5839,MAR
5840,MAR
5841,SWE
5842,MAR
5843,MAR
5844,MAR
5845,MAR
5846,SWE
5847,MAR
5848,MAR
5849,SWE
5850,MAR
5851,MAR
5852,MAR
5853,MAR
5854,MAR
5855,MAR
5856,MAR
5857,MAR
5858,MAR
5859,MAR
5860,MAR
5861,MAR
5862,MAR
5863,MAR
5864,MAR
5865,MAR
5866,MAR
5867,MAR
5868,MAR
5869,MAR
5870,SWE
5871,MAR
5872,MAR
5873,MAR
5874,MAR
5875,SWE
5876,SWE
5877,MAR
5878,MAR
5879,MAR
5880,MAR
5881,MAR
5882,MAR
5883,MAR
5884,MAR
5885,SWE
5886,SWE
5887,MAR
5888,MAR
5889,MAR
5890,MAR
5891,MAR
5892,MAR
5893,MAR
5894,MAR
5895,SWE
5896,MAR
5897,MAR
5898,MAR
5899,MAR
5900,MAR
5901,SWE
5902,MAR
5903,MAR
5904,MAR
5905,MAR
5906,MAR
5907,MAR
5908,MAR
5909,MAR
5910,MAR
5911,MAR
5912,MAR
5913,MAR
5914,MAR
5915,MAR
5916,SWE
5917,MAR
5918,MAR
5919,MAR
5920,MAR
5921,MAR
5922,MAR
5923,MAR
5924,MAR
5925,MAR
5926,SWE
5927,MAR
5928,SWE
5929,SWE
5930,MAR
5931,MAR
5932,MAR
5933,MAR
5934,MAR
5935,MAR
5936,MAR
5937,MAR
5938,MAR
5939,MAR
5940,MAR
5941,MAR
5942,MAR
5943,MAR
5944,MAR
5945,MAR
5946,MAR
5947,SWE
5948,MAR
5949,MAR
5950,MAR
5951,MAR
5952,MAR
5953,MAR
5954,MAR
5955,SWE
5956,MAR
5957,MAR
5958,MAR
5959,MAR
5960,MAR
5961,MAR
5962,MAR
5963,MAR
5964,MAR
5965,MAR
5966,MAR
5967,MAR
5968,MAR
5969,MAR
5970,MAR
5971,MAR
5972,MAR
5973,MAR
5974,MAR
5975,MAR
5976,MAR
5977,MAR
5978,MAR
5979,MAR
5980,MAR
5981,MAR
5982,MAR
5983,MAR
5984,MAR
5985,MAR
5986,MAR
5987,MAR
5988,MAR
5989,MAR
5990,MAR
5991,MAR
5992,MAR
5993,MAR
5994,MAR
5995,MAR
5996,MAR
5997,MAR
5998,MAR
5999,MAR
6000,MAR
6001,MAR
6002,MAR
6003,MAR
6004,MAR
6005,MAR
6006,MAR
6007,MAR
6008,MAR
6009,MAR
6010,MAR
6011,MAR
6012,MAR
6013,MAR
6014,MAR
6015,SWE
6016,MAR
6017,MAR
6018,MAR
6019,MAR
6020,MAR
6021,MAR
6022,MAR
6023,MAR
6024,MAR
6025,MAR
6026,MAR
6027,MAR
6028,MAR
6029,MAR
6030,MAR
6031,MAR
6032,MAR
6033,MAR
6034,MAR
6035,MAR
6036,MAR
6037,MAR
6038,MAR
6039,MAR
6040,SWE
6041,MAR
6042,MAR
6043,MAR
6044,MAR
6045,MAR
6046,MAR
6047,MAR
6048,MAR
6049,MAR
6050,MAR
6051,MAR
6052,MAR
6053,MAR
6054,SWE
6055,MAR
6056,MAR
6057,MAR
6058,MAR
6059,MAR
6060,MAR
6061,MAR
6062,MAR
6063,MAR
6064,MAR
6065,MAR
6066,MAR
6067,MAR
6068,MAR
6069,MAR
6070,MAR
6071,SWE
6072,MAR
6073,MAR
6074,MAR
6075,SWE
6076,MAR
6077,MAR
6078,MAR
6079,MAR
6080,MAR
6081,MAR
6082,MAR
6083,MAR
6084,MAR
6085,MAR
6086,MAR
6087,MAR
6088,MAR
6089,MAR
6090,MAR
6091,MAR
6092,MAR
6093,MAR
6094,MAR
6095,MAR
6096,SWE
6097,MAR
6098,MAR
6099,MAR
6100,MAR
6101,MAR
6102,MAR
6103,MAR
6104,MAR
6105,MAR
6106,MAR
6107,MAR
6108,MAR
6109,MAR
6110,MAR
6111,MAR
6112,MAR
6113,SWE
6114,MAR
6115,MAR
6116,MAR
6117,MAR
6118,MAR
6119,SWE
6120,SWE
6121,MAR
6122,MAR
6123,MAR
6124,SWE
6125,MAR
6126,MAR
6127,MAR
6128,MAR
6129,MAR
6130,MAR
6131,MAR
6132,MAR
6133,MAR
6134,MAR
6135,MAR
6136,MAR
6137,MAR
6138,MAR
6139,MAR
6140,MAR
6141,MAR
6142,MAR
6143,MAR
6144,MAR
6145,MAR
6146,SWE
6147,MAR
6148,MAR
6149,MAR
6150,SWE
6151,MAR
6152,MAR
6153,MAR
6154,MAR
6155,MAR
6156,MAR
6157,MAR
6158,MAR
6159,SWE
6160,MAR
6161,MAR
6162,MAR
6163,MAR
6164,SWE
6165,MAR
6166,MAR
6167,MAR
6168,MAR
6169,MAR
6170,MAR
6171,MAR
6172,MAR
6173,MAR
6174,MAR
6175,MAR
6176,MAR
6177,MAR
6178,MAR
6179,MAR
6180,MAR
6181,SWE
6182,MAR
6183,MAR
6184,MAR
6185,MAR
6186,MAR
6187,MAR
6188,MAR
6189,SWE
6190,MAR
6191,MAR
6192,MAR
6193,MAR
6194,MAR
6195,MAR
6196,MAR
6197,MAR
6198,MAR
6199,MAR
6200,MAR
6201,MAR
6202,MAR
6203,MAR
6204,MAR
6205,MAR
6206,MAR
6207,MAR
6208,MAR
6209,MAR
6210,MAR
6211,MAR
6212,MAR
6213,MAR
6214,SWE
6215,MAR
6216,MAR
6217,MAR
6218,MAR
6219,MAR
6220,MAR
6221,MAR
6222,MAR
6223,MAR
6224,MAR
6225,MAR
6226,MAR
6227,MAR
6228,MAR
6229,MAR
6230,MAR
6231,MAR
6232,MAR
6233,MAR
6234,MAR
6235,SWE
6236,MAR
6237,MAR
6238,SWE
6239,MAR
6240,MAR
6241,MAR
6242,MAR
6243,MAR
6244,MAR
6245,MAR
6246,SWE
6247,MAR
6248,MAR
6249,MAR
6250,MAR
6251,MAR
6252,SWE
6253,MAR
6254,MAR
6255,MAR
6256,MAR
6257,MAR
6258,MAR
6259,MAR
6260,MAR
6261,MAR
6262,MAR
6263,MAR
6264,MAR
6265,MAR
6266,MAR
6267,MAR
6268,MAR
6269,MAR
6270,MAR
6271,MAR
6272,MAR
6273,SWE
6274,MAR
6275,MAR
6276,MAR
6277,MAR
6278,MAR
6279,MAR
6280,MAR
6281,MAR
6282,MAR
6283,MAR
6284,MAR
6285,SWE
6286,MAR
6287,MAR
6288,MAR
6289,MAR
6290,MAR
6291,MAR
6292,MAR
6293,MAR
6294,MAR
6295,MAR
6296,SWE
6297,MAR
6298,MAR
6299,MAR
6300,MAR
6301,MAR
6302,MAR
6303,MAR
6304,MAR
6305,MAR
6306,MAR
6307,MAR
6308,MAR
6309,MAR
6310,MAR
6311,MAR
6312,MAR
6313,MAR
6314,MAR
6315,MAR
6316,MAR
6317,MAR
6318,SWE
6319,MAR
6320,MAR
6321,MAR
6322,SWE
6323,MAR
6324,SWE
6325,MAR
6326,MAR
6327,MAR
6328,MAR
6329,MAR
6330,MAR
6331,MAR
6332,SWE
6333,MAR
6334,MAR
6335,SWE
6336,MAR
6337,MAR
6338,MAR
6339,MAR
6340,MAR
6341,SWE
6342,MAR
6343,MAR
6344,MAR
6345,MAR
6346,MAR
6347,MAR
6348,MAR
6349,MAR
6350,MAR
6351,MAR
6352,MAR
6353,MAR
6354,MAR
6355,MAR
6356,MAR
6357,MAR
6358,MAR
6359,MAR
6360,MAR
6361,MAR
6362,MAR
6363,MAR
6364,MAR
6365,MAR
6366,MAR
6367,MAR
6368,MAR
6369,MAR
6370,MAR
6371,MAR
6372,MAR
6373,MAR
6374,MAR
6375,MAR
6376,SWE
6377,MAR
6378,MAR
6379,SWE
6380,MAR
6381,MAR
6382,SWE
6383,MAR
6384,SWE
6385,MAR
6386,MAR
6387,MAR
6388,MAR
6389,MAR
6390,MAR
6391,MAR
6392,MAR
6393,MAR
6394,MAR
6395,MAR
6396,MAR
6397,MAR
6398,MAR
6399,MAR
6400,MAR
6401,MAR
6402,MAR
6403,MAR
6404,MAR
6405,MAR
6406,MAR
6407,MAR
6408,MAR
6409,MAR
6410,MAR
6411,MAR
6412,MAR
6413,MAR
6414,MAR
6415,MAR
6416,MAR
6417,MAR
6418,MAR
6419,MAR
6420,MAR
6421,SWE
6422,MAR
6423,MAR
6424,MAR
6425,MAR
6426,MAR
6427,MAR
6428,MAR
6429,MAR
6430,MAR
6431,MAR
6432,MAR
6433,MAR
6434,MAR
6435,MAR
6436,MAR
6437,MAR
6438,MAR
6439,SWE
6440,MAR
6441,MAR
6442,MAR
6443,MAR
6444,MAR
6445,MAR
6446,MAR
6447,MAR
6448,MAR
6449,MAR
6450,MAR
6451,MAR
6452,MAR
6453,MAR
6454,MAR
6455,MAR
6456,MAR
6457,MAR
6458,MAR
6459,MAR
6460,MAR
6461,MAR
6462,MAR
6463,MAR
6464,MAR
6465,MAR
6466,MAR
6467,MAR
6468,MAR
6469,MAR
6470,MAR
6471,MAR
6472,MAR
6473,MAR
6474,MAR
6475,MAR
6476,MAR
6477,MAR
6478,MAR
6479,MAR
6480,MAR
6481,MAR
6482,MAR
6483,MAR
6484,MAR
6485,MAR
6486,SWE
6487,MAR
6488,MAR
6489,MAR
6490,MAR
6491,MAR
6492,MAR
6493,MAR
6494,MAR
6495,MAR
6496,MAR
6497,MAR
6498,MAR
6499,MAR
6500,MAR
6501,MAR
6502,MAR
6503,SWE
6504,MAR
6505,MAR
6506,MAR
6507,MAR
6508,SWE
6509,MAR
6510,MAR
6511,MAR
6512,MAR
6513,MAR
6514,MAR
6515,MAR
6516,MAR
6517,MAR
6518,MAR
6519,MAR
6520,MAR
6521,MAR
6522,MAR
6523,MAR
6524,MAR
6525,MAR
6526,MAR
6527,MAR
6528,MAR
6529,SWE
6530,MAR
6531,MAR
6532,MAR
6533,MAR
6534,MAR
6535,MAR
6536,MAR
6537,MAR
6538,MAR
6539,MAR
6540,MAR
6541,MAR
6542,MAR
6543,MAR
6544,MAR
6545,MAR
6546,MAR
6547,MAR
6548,MAR
6549,MAR
6550,MAR
6551,MAR
6552,MAR
6553,MAR
6554,MAR
6555,MAR
6556,MAR
6557,MAR
6558,SWE
6559,MAR
6560,MAR
6561,MAR
6562,MAR
6563,MAR
6564,MAR
6565,MAR
6566,MAR
6567,MAR
6568,MAR
6569,MAR
6570,MAR
6571,SWE
6572,MAR
6573,SWE
6574,MAR
6575,MAR
6576,MAR
6577,MAR
6578,MAR
6579,MAR
6580,MAR
6581,MAR
6582,MAR
6583,SWE
6584,MAR
6585,MAR
6586,MAR
6587,MAR
6588,MAR
6589,MAR
6590,MAR
6591,MAR
6592,MAR
6593,MAR
6594,MAR
6595,MAR
6596,MAR
6597,MAR
6598,MAR
6599,MAR
6600,MAR
6601,MAR
6602,MAR
6603,MAR
6604,MAR
6605,MAR
6606,MAR
6607,MAR
6608,MAR
6609,MAR
6610,MAR
6611,MAR
6612,MAR
6613,MAR
6614,MAR
6615,MAR
6616,MAR
6617,MAR
6618,MAR
6619,MAR
6620,SWE
6621,MAR
6622,MAR
6623,MAR
6624,MAR
6625,MAR
6626,MAR
6627,MAR
6628,MAR
6629,MAR
6630,SWE
6631,MAR
6632,MAR
6633,MAR
6634,MAR
6635,MAR
6636,MAR
6637,MAR
6638,MAR
6639,MAR
6640,MAR
6641,MAR
6642,MAR
6643,MAR
6644,MAR
6645,SWE
6646,MAR
6647,MAR
6648,MAR
6649,MAR
6650,MAR
6651,SWE
6652,MAR
6653,MAR
6654,MAR
6655,SWE
6656,MAR
6657,MAR
6658,MAR
6659,MAR
6660,MAR
6661,MAR
6662,MAR
6663,SWE
6664,MAR
6665,MAR
6666,MAR
6667,MAR
6668,MAR
6669,MAR
6670,MAR
6671,MAR
6672,MAR
6673,MAR
6674,MAR
6675,MAR
6676,MAR
6677,MAR
6678,MAR
6679,MAR
6680,MAR
6681,MAR
6682,MAR
6683,SWE
6684,MAR
6685,MAR
6686,MAR
6687,MAR
6688,MAR
6689,MAR
6690,MAR
6691,MAR
6692,MAR
6693,MAR
6694,MAR
6695,MAR
6696,MAR
6697,SWE
6698,MAR
6699,MAR
6700,MAR
6701,MAR
6702,MAR
6703,MAR
6704,MAR
6705,MAR
6706,MAR
6707,MAR
6708,MAR
6709,MAR
6710,SWE
6711,MAR
6712,MAR
6713,MAR
6714,MAR
6715,MAR
6716,MAR
6717,MAR
6718,MAR
6719,MAR
6720,MAR
6721,MAR
6722,MAR
6723,MAR
6724,MAR
6725,MAR
6726,MAR
6727,MAR
6728,MAR
6729,MAR
6730,MAR
6731,MAR
6732,MAR
6733,MAR
6734,MAR
6735,MAR
6736,MAR
6737,MAR
6738,MAR
6739,SWE
6740,MAR
6741,MAR
6742,MAR
6743,MAR
6744,MAR
6745,MAR
6746,MAR
6747,MAR
6748,MAR
6749,MAR
6750,MAR
6751,MAR
6752,MAR
6753,MAR
6754,MAR
6755,MAR
6756,MAR
6757,MAR
6758,MAR
6759,MAR
6760,MAR
6761,SWE
6762,MAR
6763,MAR
6764,MAR
6765,MAR
6766,MAR
6767,MAR
6768,MAR
6769,MAR
6770,MAR
6771,MAR
6772,MAR
6773,MAR
6774,MAR
6775,MAR
6776,MAR
6777,MAR
6778,MAR
6779,MAR
6780,MAR
6781,MAR
6782,MAR
6783,MAR
6784,MAR
6785,SWE
6786,MAR
6787,MAR
6788,MAR
6789,MAR
6790,MAR
6791,MAR
6792,MAR
6793,MAR
6794,MAR
6795,MAR
6796,MAR
6797,MAR
6798,MAR
6799,MAR
6800,MAR
6801,MAR
6802,MAR
6803,MAR
6804,MAR
6805,MAR
6806,MAR
6807,MAR
6808,MAR
6809,MAR
6810,MAR
6811,MAR
6812,SWE
6813,MAR
6814,SWE
6815,MAR
6816,MAR
6817,MAR
6818,MAR
6819,MAR
6820,MAR
6821,MAR
6822,MAR
6823,MAR
6824,MAR
6825,MAR
6826,MAR
6827,MAR
6828,SWE
6829,MAR
6830,MAR
6831,MAR
6832,SWE
6833,MAR
6834,MAR
6835,MAR
6836,MAR
6837,MAR
6838,MAR
6839,MAR
6840,MAR
6841,MAR
6842,SWE
6843,MAR
6844,MAR
6845,MAR
6846,MAR
6847,MAR
6848,MAR
6849,MAR
6850,MAR
6851,MAR
6852,SWE
6853,MAR
6854,MAR
6855,MAR
6856,MAR
6857,MAR
6858,MAR
6859,MAR
6860,MAR
6861,MAR
6862,MAR
6863,MAR
6864,MAR
6865,MAR
6866,SWE
6867,MAR
6868,SWE
6869,MAR
6870,MAR
6871,MAR
6872,MAR
6873,MAR
6874,MAR
6875,MAR
6876,MAR
6877,MAR
6878,MAR
6879,MAR
6880,MAR
6881,MAR
6882,MAR
6883,SWE
6884,MAR
6885,MAR
6886,MAR
6887,MAR
6888,MAR
6889,MAR
6890,MAR
6891,MAR
6892,SWE
6893,MAR
6894,SWE
6895,MAR
6896,MAR
6897,MAR
6898,MAR
6899,MAR
6900,SWE
6901,MAR
6902,MAR
6903,SWE
6904,MAR
6905,MAR
6906,MAR
6907,SWE
6908,MAR
6909,MAR
6910,MAR
6911,MAR
6912,MAR
6913,SWE
6914,MAR
6915,SWE
6916,MAR
6917,MAR
6918,MAR
6919,MAR
6920,MAR
6921,MAR
6922,MAR
6923,MAR
6924,MAR
6925,MAR
6926,MAR
6927,MAR
6928,MAR
6929,MAR
6930,MAR
6931,MAR
6932,MAR
6933,MAR
6934,SWE
6935,MAR
6936,MAR
6937,MAR
6938,MAR
6939,MAR
6940,MAR
6941,MAR
6942,MAR
6943,MAR
6944,MAR
6945,MAR
6946,MAR
6947,MAR
6948,SWE
6949,MAR
6950,MAR
6951,MAR
6952,MAR
6953,MAR
6954,MAR
6955,MAR
6956,SWE
6957,MAR
6958,MAR
6959,MAR
6960,MAR
6961,MAR
6962,MAR
6963,MAR
6964,MAR
6965,MAR
6966,MAR
6967,MAR
6968,MAR
6969,SWE
6970,MAR
6971,MAR
6972,MAR
6973,MAR
6974,MAR
6975,MAR
6976,MAR
6977,MAR
6978,MAR
6979,MAR
6980,MAR
6981,MAR
6982,MAR
6983,MAR
6984,MAR
6985,MAR
6986,MAR
6987,SWE
6988,MAR
6989,MAR
6990,MAR
6991,MAR
6992,MAR
6993,MAR
6994,MAR
6995,MAR
6996,MAR
6997,MAR
6998,MAR
6999,MAR
7000,MAR
7001,MAR
7002,MAR
7003,MAR
7004,MAR
7005,MAR
7006,MAR
7007,MAR
7008,MAR
7009,MAR
7010,MAR
7011,MAR
7012,MAR
7013,MAR
7014,MAR
7015,MAR
7016,MAR
7017,MAR
7018,MAR
7019,MAR
7020,MAR
7021,MAR
7022,MAR
7023,MAR
7024,MAR
7025,MAR
7026,SWE
7027,MAR
7028,MAR
7029,MAR
7030,MAR
7031,MAR
7032,MAR
7033,MAR
7034,MAR
7035,MAR
7036,MAR
7037,MAR
7038,MAR
7039,MAR
7040,MAR
7041,MAR
7042,MAR
7043,MAR
7044,MAR
7045,MAR
7046,MAR
7047,MAR
7048,MAR
7049,MAR
7050,MAR
7051,MAR
7052,MAR
7053,MAR
7054,MAR
7055,MAR
7056,MAR
7057,MAR
7058,MAR
7059,MAR
7060,MAR
7061,MAR
7062,MAR
7063,MAR
7064,MAR
7065,MAR
7066,MAR
7067,MAR
7068,MAR
7069,MAR
7070,MAR
7071,MAR
7072,MAR
7073,MAR
7074,MAR
7075,MAR
7076,MAR
7077,MAR
7078,MAR
7079,MAR
7080,MAR
7081,MAR
7082,SWE
7083,MAR
7084,MAR
7085,MAR
7086,SWE
7087,SWE
7088,MAR
7089,MAR
7090,MAR
7091,MAR
7092,MAR
7093,MAR
7094,MAR
7095,MAR
7096,MAR
7097,MAR
7098,MAR
7099,MAR
7100,MAR
7101,MAR
7102,MAR
7103,MAR
7104,MAR
7105,MAR
7106,MAR
7107,MAR
7108,MAR
7109,MAR
7110,MAR
7111,MAR
7112,MAR
7113,MAR
7114,MAR
7115,MAR
7116,MAR
7117,MAR
7118,MAR
7119,MAR
7120,MAR
7121,MAR
7122,MAR
7123,MAR
7124,MAR
7125,MAR
7126,MAR
7127,MAR
7128,MAR
7129,MAR
7130,MAR
7131,MAR
7132,MAR
7133,MAR
7134,MAR
7135,MAR
7136,MAR
7137,MAR
7138,SWE
7139,MAR
7140,MAR
7141,MAR
7142,MAR
7143,MAR
7144,MAR
7145,MAR
7146,MAR
7147,MAR
7148,MAR
7149,MAR
7150,MAR
7151,MAR
7152,MAR
7153,MAR
7154,SWE
7155,MAR
7156,MAR
7157,MAR
7158,MAR
7159,MAR
7160,MAR
7161,MAR
7162,MAR
7163,MAR
7164,MAR
7165,MAR
7166,MAR
7167,MAR
7168,MAR
7169,MAR
7170,SWE
7171,SWE
7172,SWE
7173,MAR
7174,MAR
7175,MAR
7176,MAR
7177,MAR
7178,MAR
7179,MAR
7180,MAR
7181,MAR
7182,MAR
7183,MAR
7184,MAR
7185,MAR
7186,MAR
7187,MAR
7188,MAR
7189,MAR
7190,MAR
7191,MAR
7192,MAR
7193,MAR
7194,MAR
7195,MAR
7196,MAR
7197,MAR
7198,MAR
7199,MAR
7200,MAR
7201,MAR
7202,MAR
7203,MAR
7204,MAR
7205,MAR
7206,MAR
7207,MAR
7208,MAR
7209,MAR
7210,MAR
7211,MAR
7212,MAR
7213,MAR
7214,MAR
7215,MAR
7216,MAR
7217,MAR
7218,MAR
7219,MAR
7220,MAR
7221,MAR
7222,MAR
7223,MAR
7224,MAR
7225,MAR
7226,MAR
7227,MAR
7228,MAR
7229,MAR
7230,MAR
7231,MAR
7232,MAR
7233,MAR
7234,MAR
7235,MAR
7236,MAR
7237,MAR
7238,MAR
7239,SWE
7240,MAR
7241,SWE
7242,MAR
7243,MAR
7244,MAR
7245,MAR
7246,MAR
7247,MAR
7248,MAR
7249,MAR
7250,MAR
7251,MAR
7252,MAR
7253,MAR
7254,MAR
7255,MAR
7256,MAR
7257,MAR
7258,MAR
7259,MAR
7260,MAR
7261,MAR
7262,MAR
7263,SWE
7264,MAR
7265,MAR
7266,MAR
7267,MAR
7268,MAR
7269,MAR
7270,MAR
7271,MAR
7272,MAR
7273,MAR
7274,SWE
7275,MAR
7276,MAR
7277,MAR
7278,MAR
7279,MAR
7280,MAR
7281,MAR
7282,MAR
7283,MAR
7284,MAR
7285,MAR
7286,MAR
7287,MAR
7288,MAR
7289,MAR
7290,MAR
7291,MAR
7292,MAR
7293,MAR
7294,MAR
7295,MAR
7296,MAR
7297,MAR
7298,MAR
7299,MAR
7300,MAR
7301,SWE
7302,MAR
7303,MAR
7304,MAR
7305,MAR
7306,MAR
7307,MAR
7308,MAR
7309,MAR
7310,MAR
7311,MAR
7312,MAR
7313,MAR
7314,MAR
7315,MAR
7316,MAR
7317,MAR
7318,MAR
7319,MAR
7320,MAR
7321,MAR
7322,MAR
7323,MAR
7324,MAR
7325,MAR
7326,MAR
7327,MAR
7328,MAR
7329,MAR
7330,MAR
7331,SWE
7332,MAR
7333,SWE
7334,MAR
7335,MAR
7336,MAR
7337,MAR
7338,MAR
7339,MAR
7340,MAR
7341,MAR
7342,MAR
7343,MAR
7344,MAR
7345,MAR
7346,MAR
7347,MAR
7348,MAR
7349,MAR
7350,MAR
7351,MAR
7352,MAR
7353,SWE
7354,MAR
7355,MAR
7356,MAR
7357,MAR
7358,MAR
7359,MAR
7360,MAR
7361,MAR
7362,MAR
7363,SWE
7364,SWE
7365,MAR
7366,MAR
7367,MAR
7368,MAR
7369,SWE
7370,MAR
7371,MAR
7372,MAR
7373,MAR
7374,MAR
7375,MAR
7376,MAR
7377,MAR
7378,MAR
7379,MAR
7380,MAR
7381,MAR
7382,MAR
7383,MAR
7384,SWE
7385,MAR
7386,MAR
7387,MAR
7388,MAR
7389,MAR
7390,MAR
7391,SWE
7392,MAR
7393,MAR
7394,MAR
7395,MAR
7396,SWE
7397,MAR
7398,MAR
7399,MAR
7400,MAR
7401,MAR
7402,MAR
7403,MAR
7404,MAR
7405,MAR
7406,SWE
7407,MAR
7408,MAR
7409,MAR
7410,SWE
7411,MAR
7412,MAR
7413,MAR
7414,MAR
7415,MAR
7416,MAR
7417,MAR
7418,MAR
7419,MAR
7420,MAR
7421,SWE
7422,MAR
7423,MAR
7424,MAR
7425,MAR
7426,MAR
7427,MAR
7428,MAR
7429,MAR
7430,MAR
7431,MAR
7432,MAR
7433,MAR
7434,MAR
7435,MAR
7436,MAR
7437,MAR
7438,MAR
7439,SWE
7440,MAR
7441,MAR
7442,MAR
7443,MAR
7444,MAR
7445,SWE
7446,MAR
7447,MAR
7448,MAR
7449,MAR
7450,MAR
7451,MAR
7452,SWE
7453,SWE
7454,MAR
7455,MAR
7456,MAR
7457,MAR
7458,MAR
7459,MAR
7460,MAR
7461,MAR
7462,MAR
7463,MAR
7464,MAR
7465,MAR
7466,MAR
7467,MAR
7468,MAR
7469,MAR
7470,SWE
7471,MAR
7472,MAR
7473,MAR
7474,MAR
7475,MAR
7476,MAR
7477,MAR
7478,SWE
7479,MAR
7480,MAR
7481,MAR
7482,MAR
7483,SWE
7484,MAR
7485,MAR
7486,MAR
7487,MAR
7488,SWE
7489,MAR
7490,MAR
7491,MAR
7492,MAR
7493,MAR
7494,MAR
7495,MAR
7496,MAR
7497,MAR
7498,MAR
7499,SWE
7500,MAR
7501,MAR
7502,MAR
7503,MAR
7504,MAR
7505,MAR
7506,MAR
7507,MAR
7508,MAR
7509,MAR
7510,MAR
7511,MAR
7512,SWE
7513,MAR
7514,MAR
7515,MAR
7516,MAR
7517,MAR
7518,MAR
7519,MAR
7520,MAR
7521,MAR
7522,MAR
7523,MAR
7524,MAR
7525,MAR
7526,MAR
7527,MAR
7528,MAR
7529,MAR
7530,MAR
7531,MAR
7532,MAR
7533,MAR
7534,MAR
7535,MAR
7536,MAR
7537,MAR
7538,MAR
7539,MAR
7540,MAR
7541,SWE
7542,SWE
7543,MAR
7544,MAR
7545,MAR
7546,MAR
7547,MAR
7548,MAR
7549,MAR
7550,MAR
7551,SWE
7552,MAR
7553,MAR
7554,MAR
7555,SWE
7556,MAR
7557,MAR
7558,MAR
7559,SWE
7560,MAR
7561,MAR
7562,MAR
7563,MAR
7564,MAR
7565,MAR
7566,MAR
7567,SWE
7568,MAR
7569,MAR
7570,MAR
7571,SWE
7572,MAR
7573,SWE
7574,SWE
7575,MAR
7576,MAR
7577,MAR
7578,MAR
7579,MAR
7580,MAR
7581,MAR
7582,SWE
7583,MAR
7584,MAR
7585,MAR
7586,SWE
7587,MAR
7588,MAR
7589,MAR
7590,MAR
7591,MAR
7592,MAR
7593,MAR
7594,MAR
7595,MAR
7596,MAR
7597,MAR
7598,SWE
7599,MAR
7600,MAR
7601,MAR
7602,MAR
7603,MAR
7604,MAR
7605,MAR
7606,MAR
7607,MAR
7608,MAR
7609,MAR
7610,MAR
7611,MAR
7612,MAR
7613,MAR
7614,MAR
7615,MAR
7616,MAR
7617,MAR
7618,MAR
7619,MAR
7620,MAR
7621,MAR
7622,MAR
7623,MAR
7624,MAR
7625,MAR
7626,MAR
7627,MAR
7628,MAR
7629,MAR
7630,SWE
7631,MAR
7632,MAR
7633,MAR
7634,MAR
7635,MAR
7636,MAR
7637,MAR
7638,MAR
7639,MAR
7640,MAR
7641,MAR
7642,MAR
7643,MAR
7644,MAR
7645,MAR
7646,MAR
7647,MAR
7648,MAR
7649,MAR
7650,MAR
7651,MAR
7652,MAR
7653,MAR
7654,MAR
7655,MAR
7656,MAR
7657,MAR
7658,MAR
7659,MAR
7660,MAR
7661,MAR
7662,MAR
7663,MAR
7664,MAR
7665,MAR
7666,MAR
7667,MAR
7668,MAR
7669,MAR
7670,MAR
7671,MAR
7672,MAR
7673,MAR
7674,MAR
7675,MAR
7676,MAR
7677,MAR
7678,MAR
7679,MAR
7680,MAR
7681,MAR
7682,MAR
7683,MAR
7684,MAR
7685,MAR
7686,MAR
7687,MAR
7688,SWE
7689,MAR
7690,MAR
7691,MAR
7692,MAR
7693,MAR
7694,MAR
7695,MAR
7696,MAR
7697,MAR
7698,MAR
7699,MAR
7700,MAR
7701,MAR
7702,MAR
7703,MAR
7704,MAR
7705,MAR
7706,MAR
7707,MAR
7708,MAR
7709,MAR
7710,MAR
7711,MAR
7712,MAR
7713,MAR
7714,MAR
7715,MAR
7716,MAR
7717,MAR
7718,MAR
7719,MAR
7720,MAR
7721,SWE
7722,MAR
7723,MAR
7724,MAR
7725,MAR
7726,MAR
7727,MAR
7728,MAR
7729,MAR
7730,MAR
7731,MAR
7732,MAR
7733,MAR
7734,MAR
7735,MAR
7736,MAR
7737,MAR
7738,SWE
7739,MAR
7740,MAR
7741,MAR
7742,MAR
7743,MAR
7744,MAR
7745,MAR
7746,MAR
7747,MAR
7748,MAR
7749,MAR
7750,MAR
7751,MAR
7752,MAR
7753,MAR
7754,MAR
7755,MAR
7756,MAR
7757,MAR
7758,MAR
7759,MAR
7760,SWE
7761,MAR
7762,MAR
7763,MAR
7764,MAR
7765,MAR
7766,MAR
7767,MAR
7768,MAR
7769,MAR
7770,MAR
7771,MAR
7772,MAR
7773,MAR
7774,MAR
7775,MAR
7776,MAR
7777,MAR
7778,MAR
7779,MAR
7780,MAR
7781,MAR
7782,MAR
7783,MAR
7784,MAR
7785,MAR
7786,MAR
7787,MAR
7788,MAR
7789,MAR
7790,MAR
7791,MAR
7792,MAR
7793,MAR
7794,MAR
7795,MAR
7796,MAR
7797,MAR
7798,MAR
7799,MAR
7800,MAR
7801,MAR
7802,MAR
7803,MAR
7804,MAR
7805,MAR
7806,MAR
7807,MAR
7808,MAR
7809,MAR
7810,MAR
7811,MAR
7812,MAR
7813,MAR
7814,MAR
7815,MAR
7816,MAR
7817,MAR
7818,MAR
7819,MAR
7820,MAR
7821,MAR
7822,MAR
7823,MAR
7824,MAR
7825,MAR
7826,MAR
7827,MAR
7828,MAR
7829,MAR
7830,SWE
7831,MAR
7832,MAR
7833,MAR
7834,MAR
7835,MAR
7836,MAR
7837,MAR
7838,MAR
7839,SWE
7840,MAR
7841,MAR
7842,MAR
7843,MAR
7844,SWE
7845,SWE
7846,MAR
7847,MAR
7848,SWE
7849,MAR
7850,MAR
7851,MAR
7852,MAR
7853,MAR
7854,MAR
7855,MAR
7856,MAR
7857,MAR
7858,MAR
7859,MAR
7860,MAR
7861,MAR
7862,MAR
7863,MAR
7864,SWE
7865,MAR
7866,MAR
7867,MAR
7868,MAR
7869,MAR
7870,MAR
7871,MAR
7872,MAR
7873,MAR
7874,MAR
7875,MAR
7876,MAR
7877,MAR
7878,SWE
7879,MAR
7880,MAR
7881,MAR
7882,MAR
7883,MAR
7884,MAR
7885,MAR
7886,MAR
7887,MAR
7888,MAR
7889,MAR
7890,MAR
7891,MAR
7892,MAR
7893,MAR
7894,MAR
7895,MAR
7896,MAR
7897,SWE
7898,MAR
7899,MAR
7900,MAR
7901,MAR
7902,MAR
7903,MAR
7904,MAR
7905,MAR
7906,MAR
7907,MAR
7908,MAR
7909,MAR
7910,MAR
7911,MAR
7912,MAR
7913,MAR
7914,MAR
7915,MAR
7916,MAR
7917,MAR
7918,MAR
7919,MAR
7920,MAR
7921,MAR
7922,MAR
7923,MAR
7924,MAR
7925,MAR
7926,MAR
7927,MAR
7928,MAR
7929,MAR
7930,SWE
7931,MAR
7932,MAR
7933,MAR
7934,MAR
7935,MAR
7936,MAR
7937,MAR
7938,MAR
7939,MAR
7940,MAR
7941,MAR
7942,MAR
7943,MAR
7944,MAR
7945,MAR
7946,MAR
7947,MAR
7948,MAR
7949,MAR
7950,SWE
7951,MAR
7952,MAR
7953,MAR
7954,MAR
7955,MAR
7956,MAR
7957,MAR
7958,MAR
7959,MAR
7960,MAR
7961,MAR
7962,MAR
7963,MAR
7964,MAR
7965,MAR
7966,MAR
7967,MAR
7968,MAR
7969,MAR
7970,MAR
7971,MAR
7972,MAR
7973,MAR
7974,MAR
7975,MAR
7976,MAR
7977,SWE
7978,MAR
7979,MAR
7980,MAR
7981,MAR
7982,MAR
7983,MAR
7984,MAR
7985,MAR
7986,MAR
7987,MAR
7988,MAR
7989,MAR
7990,MAR
7991,MAR
7992,MAR
7993,MAR
7994,MAR
7995,MAR
7996,MAR
7997,MAR
7998,MAR
7999,MAR
8000,MAR
8001,MAR
8002,MAR
8003,MAR
8004,MAR
8005,MAR
8006,MAR
8007,MAR
8008,SWE
8009,MAR
8010,MAR
8011,MAR
8012,MAR
8013,MAR
8014,SWE
8015,MAR
8016,MAR
8017,MAR
8018,MAR
8019,MAR
8020,MAR
8021,MAR
8022,SWE
8023,MAR
8024,MAR
8025,MAR
8026,MAR
8027,MAR
8028,MAR
8029,MAR
8030,MAR
8031,MAR
8032,MAR
8033,MAR
8034,MAR
8035,MAR
8036,MAR
8037,MAR
8038,MAR
8039,MAR
8040,MAR
8041,SWE
8042,MAR
8043,MAR
8044,MAR
8045,MAR
8046,MAR
8047,MAR
8048,MAR
8049,MAR
8050,MAR
8051,MAR
8052,MAR
8053,MAR
8054,MAR
8055,MAR
8056,MAR
8057,MAR
8058,MAR
8059,MAR
8060,MAR
8061,MAR
8062,MAR
8063,MAR
8064,MAR
8065,MAR
8066,MAR
8067,MAR
8068,MAR
8069,MAR
8070,MAR
8071,MAR
8072,MAR
8073,MAR
8074,MAR
8075,MAR
8076,MAR
8077,MAR
8078,MAR
8079,MAR
8080,MAR
8081,SWE
8082,MAR
8083,MAR
8084,MAR
8085,MAR
8086,MAR
8087,MAR
8088,MAR
8089,MAR
8090,MAR
8091,MAR
8092,MAR
8093,MAR
8094,MAR
8095,MAR
8096,MAR
8097,MAR
8098,SWE
8099,MAR
8100,MAR
8101,MAR
8102,MAR
8103,MAR
8104,MAR
8105,MAR
8106,MAR
8107,MAR
8108,SWE
8109,MAR
8110,SWE
8111,SWE
8112,MAR
8113,MAR
8114,MAR
8115,MAR
8116,MAR
8117,MAR
8118,MAR
8119,MAR
8120,MAR
8121,MAR
8122,MAR
8123,MAR
8124,MAR
8125,MAR
8126,MAR
8127,MAR
8128,MAR
8129,MAR
8130,MAR
8131,MAR
8132,MAR
8133,MAR
8134,MAR
8135,MAR
8136,MAR
8137,MAR
8138,MAR
8139,MAR
8140,MAR
8141,MAR
8142,MAR
8143,MAR
8144,MAR
8145,MAR
8146,MAR
8147,MAR
8148,MAR
8149,MAR
8150,MAR
8151,MAR
8152,MAR
8153,MAR
8154,MAR
8155,MAR
8156,MAR
8157,MAR
8158,MAR
8159,MAR
8160,MAR
8161,MAR
8162,MAR
8163,MAR
8164,MAR
8165,MAR
8166,MAR
8167,MAR
8168,MAR
8169,MAR
8170,SWE
8171,MAR
8172,MAR
8173,MAR
8174,MAR
8175,SWE
8176,MAR
8177,MAR
8178,MAR
8179,MAR
8180,MAR
8181,MAR
8182,MAR
8183,MAR
8184,MAR
8185,MAR
8186,MAR
8187,MAR
8188,MAR
8189,MAR
8190,MAR
8191,MAR
8192,MAR
8193,MAR
8194,MAR
8195,MAR
8196,MAR
8197,MAR
8198,MAR
8199,MAR
8200,MAR
8201,MAR
8202,MAR
8203,MAR
8204,MAR
8205,MAR
8206,MAR
8207,MAR
8208,MAR
8209,MAR
8210,MAR
8211,MAR
8212,MAR
8213,MAR
8214,MAR
8215,MAR
8216,MAR
8217,MAR
8218,MAR
8219,MAR
8220,MAR
8221,MAR
8222,MAR
8223,MAR
8224,MAR
8225,MAR
8226,MAR
8227,MAR
8228,MAR
8229,MAR
8230,MAR
8231,MAR
8232,MAR
8233,MAR
8234,MAR
8235,MAR
8236,MAR
8237,MAR
8238,MAR
8239,MAR
8240,MAR
8241,MAR
8242,MAR
8243,MAR
8244,MAR
8245,MAR
8246,MAR
8247,MAR
8248,MAR
8249,MAR
8250,MAR
8251,MAR
8252,MAR
8253,MAR
8254,MAR
8255,MAR
8256,MAR
8257,MAR
8258,MAR
8259,MAR
8260,MAR
8261,MAR
8262,MAR
8263,MAR
8264,MAR
8265,MAR
8266,MAR
8267,MAR
8268,SWE
8269,MAR
8270,MAR
8271,MAR
8272,MAR
8273,MAR
8274,MAR
8275,MAR
8276,MAR
8277,MAR
8278,MAR
8279,MAR
8280,SWE
8281,MAR
8282,MAR
8283,MAR
8284,MAR
8285,MAR
8286,MAR
8287,MAR
8288,MAR
8289,MAR
8290,MAR
8291,MAR
8292,MAR
8293,MAR
8294,MAR
8295,MAR
8296,MAR
8297,MAR
8298,MAR
8299,MAR
8300,MAR
8301,MAR
8302,MAR
8303,MAR
8304,MAR
8305,SWE
8306,MAR
8307,MAR
8308,MAR
8309,SWE
8310,MAR
8311,MAR
8312,MAR
8313,MAR
8314,MAR
8315,SWE
8316,MAR
8317,MAR
8318,MAR
8319,MAR
8320,MAR
8321,MAR
8322,MAR
8323,MAR
8324,MAR
8325,MAR
8326,MAR
8327,MAR
8328,MAR
8329,MAR
8330,MAR
8331,MAR
8332,MAR
8333,MAR
8334,SWE
8335,MAR
8336,MAR
8337,MAR
8338,MAR
8339,MAR
8340,MAR
8341,MAR
8342,MAR
8343,MAR
8344,MAR
8345,MAR
8346,MAR
8347,MAR
8348,MAR
8349,SWE
8350,MAR
8351,MAR
8352,MAR
8353,MAR
8354,MAR
8355,MAR
8356,MAR
8357,MAR
8358,MAR
8359,MAR
8360,MAR
8361,MAR
8362,MAR
8363,MAR
8364,MAR
8365,MAR
8366,MAR
8367,MAR
8368,MAR
8369,MAR
8370,MAR
8371,MAR
8372,MAR
8373,MAR
8374,MAR
8375,MAR
8376,MAR
8377,MAR
8378,MAR
8379,MAR
8380,MAR
8381,MAR
8382,MAR
8383,SWE
8384,MAR
8385,MAR
8386,MAR
8387,MAR
8388,MAR
8389,MAR
8390,MAR
8391,MAR
8392,MAR
8393,MAR
8394,MAR
8395,SWE
8396,MAR
8397,MAR
8398,MAR
8399,MAR
8400,MAR
8401,MAR
8402,MAR
8403,MAR
8404,MAR
8405,MAR
8406,SWE
8407,MAR
8408,MAR
8409,MAR
8410,MAR
8411,MAR
8412,MAR
8413,MAR
8414,MAR
8415,MAR
8416,MAR
8417,SWE
8418,MAR
8419,MAR
8420,MAR
8421,MAR
8422,MAR
8423,MAR
8424,MAR
8425,MAR
8426,MAR
8427,MAR
8428,MAR
8429,MAR
8430,MAR
8431,MAR
8432,MAR
8433,MAR
8434,MAR
8435,MAR
8436,MAR
8437,MAR
8438,MAR
8439,MAR
8440,MAR
8441,MAR
8442,MAR
8443,MAR
8444,MAR
8445,MAR
8446,MAR
8447,MAR
8448,MAR
8449,MAR
8450,MAR
8451,SWE
8452,MAR
8453,MAR
8454,SWE
8455,MAR
8456,MAR
8457,MAR
8458,MAR
8459,MAR
8460,MAR
8461,MAR
8462,MAR
8463,MAR
8464,MAR
8465,MAR
8466,MAR
8467,MAR
8468,MAR
8469,MAR
8470,MAR
8471,MAR
8472,MAR
8473,MAR
8474,MAR
8475,MAR
8476,SWE
8477,MAR
8478,MAR
8479,MAR
8480,MAR
8481,SWE
8482,MAR
8483,MAR
8484,MAR
8485,MAR
8486,MAR
8487,MAR
8488,MAR
8489,MAR
8490,MAR
8491,SWE
8492,MAR
8493,MAR
8494,MAR
8495,MAR
8496,MAR
8497,MAR
8498,MAR
8499,MAR
8500,MAR
8501,MAR
8502,MAR
8503,MAR
8504,MAR
8505,MAR
8506,MAR
8507,MAR
8508,MAR
8509,MAR
8510,MAR
8511,MAR
8512,MAR
8513,MAR
8514,MAR
8515,SWE
8516,MAR
8517,SWE
8518,MAR
8519,MAR
8520,MAR
8521,MAR
8522,MAR
8523,MAR
8524,MAR
8525,MAR
8526,MAR
8527,MAR
8528,MAR
8529,MAR
8530,MAR
8531,MAR
8532,MAR
8533,MAR
8534,MAR
8535,MAR
8536,MAR
8537,MAR
8538,MAR
8539,MAR
8540,MAR
8541,MAR
8542,MAR
8543,MAR
8544,MAR
8545,MAR
8546,MAR
8547,MAR
8548,MAR
8549,MAR
8550,MAR
8551,MAR
8552,MAR
8553,MAR
8554,MAR
8555,MAR
8556,MAR
8557,MAR
8558,MAR
8559,MAR
8560,MAR
8561,MAR
8562,SWE
8563,MAR
8564,MAR
8565,MAR
8566,MAR
8567,MAR
8568,MAR
8569,MAR
8570,MAR
8571,MAR
8572,MAR
8573,MAR
8574,MAR
8575,MAR
8576,MAR
8577,MAR
8578,MAR
8579,MAR
8580,MAR
8581,MAR
8582,MAR
8583,MAR
8584,MAR
8585,MAR
8586,MAR
8587,MAR
8588,MAR
8589,MAR
8590,MAR
8591,MAR
8592,SWE
8593,MAR
8594,MAR
8595,MAR
8596,MAR
8597,MAR
8598,MAR
8599,MAR
8600,MAR
8601,MAR
8602,SWE
8603,MAR
8604,MAR
8605,MAR
8606,MAR
8607,MAR
8608,MAR
8609,MAR
8610,MAR
8611,MAR
8612,MAR
8613,SWE
8614,MAR
8615,MAR
8616,MAR
8617,MAR
8618,MAR
8619,MAR
8620,MAR
8621,MAR
8622,MAR
8623,MAR
8624,MAR
8625,MAR
8626,MAR
8627,MAR
8628,MAR
8629,MAR
8630,MAR
8631,MAR
8632,MAR
8633,MAR
8634,MAR
8635,MAR
8636,MAR
8637,MAR
8638,MAR
8639,MAR
8640,SWE
8641,SWE
8642,MAR
8643,MAR
8644,MAR
8645,MAR
8646,SWE
8647,MAR
8648,MAR
8649,MAR
8650,MAR
8651,MAR
8652,SWE
8653,MAR
8654,MAR
8655,MAR
8656,MAR
8657,MAR
8658,MAR
8659,MAR
8660,SWE
8661,MAR
8662,MAR
8663,MAR
8664,MAR
8665,MAR
8666,MAR
8667,MAR
8668,MAR
8669,MAR
8670,MAR
8671,SWE
8672,MAR
8673,MAR
8674,MAR
8675,MAR
8676,MAR
8677,MAR
8678,MAR
8679,MAR
8680,MAR
8681,MAR
8682,MAR
8683,MAR
8684,MAR
8685,MAR
8686,MAR
8687,MAR
8688,SWE
8689,MAR
8690,MAR
8691,MAR
8692,MAR
8693,MAR
8694,MAR
8695,MAR
8696,MAR
8697,MAR
8698,MAR
8699,MAR
8700,MAR
8701,MAR
8702,MAR
8703,MAR
8704,SWE
8705,MAR
8706,MAR
8707,MAR
8708,SWE
8709,MAR
8710,MAR
8711,MAR
8712,MAR
8713,MAR
8714,MAR
8715,MAR
8716,MAR
8717,MAR
8718,MAR
8719,SWE
8720,SWE
8721,MAR
8722,MAR
8723,MAR
8724,MAR
8725,MAR
8726,MAR
8727,MAR
8728,MAR
8729,MAR
8730,MAR
8731,MAR
8732,MAR
8733,MAR
8734,MAR
8735,MAR
8736,MAR
8737,MAR
8738,MAR
8739,MAR
8740,MAR
8741,MAR
8742,MAR
8743,MAR
8744,MAR
8745,MAR
8746,MAR
8747,MAR
8748,MAR
8749,MAR
8750,MAR
8751,MAR
8752,MAR
8753,MAR
8754,MAR
8755,MAR
8756,MAR
8757,MAR
8758,MAR
8759,MAR
8760,MAR
8761,MAR
8762,MAR
8763,MAR
8764,SWE
8765,MAR
8766,MAR
8767,MAR
8768,MAR
8769,MAR
8770,MAR
8771,MAR
8772,MAR
8773,MAR
8774,MAR
8775,MAR
8776,MAR
8777,MAR
8778,MAR
8779,MAR
8780,MAR
8781,MAR
8782,MAR
8783,MAR
8784,MAR
8785,MAR
8786,MAR
8787,MAR
8788,MAR
8789,MAR
8790,MAR
8791,MAR
8792,MAR
8793,MAR
8794,MAR
8795,MAR
8796,MAR
8797,MAR
8798,MAR
8799,MAR
8800,SWE
8801,MAR
8802,MAR
8803,SWE
8804,MAR
8805,MAR
8806,MAR
8807,MAR
8808,MAR
8809,MAR
8810,MAR
8811,MAR
8812,MAR
8813,MAR
8814,MAR
8815,MAR
8816,MAR
8817,MAR
8818,MAR
8819,MAR
8820,MAR
8821,MAR
8822,MAR
8823,MAR
8824,MAR
8825,MAR
8826,MAR
8827,MAR
8828,MAR
8829,MAR
8830,MAR
8831,MAR
8832,MAR
8833,MAR
8834,MAR
8835,MAR
8836,MAR
8837,MAR
8838,MAR
8839,MAR
8840,MAR
8841,MAR
8842,MAR
8843,MAR
8844,MAR
8845,MAR
8846,MAR
8847,MAR
8848,MAR
8849,MAR
8850,MAR
8851,MAR
8852,SWE
8853,MAR
8854,MAR
8855,MAR
8856,MAR
8857,MAR
8858,MAR
8859,MAR
8860,SWE
8861,MAR
8862,MAR
8863,MAR
8864,MAR
8865,MAR
8866,MAR
8867,MAR
8868,MAR
8869,MAR
8870,MAR
8871,SWE
8872,MAR
8873,MAR
8874,SWE
8875,MAR
8876,MAR
8877,SWE
8878,MAR
8879,MAR
8880,MAR
8881,MAR
8882,MAR
8883,MAR
8884,MAR
8885,MAR
8886,MAR
8887,MAR
8888,SWE
8889,MAR
8890,MAR
8891,MAR
8892,MAR
8893,MAR
8894,MAR
8895,MAR
8896,MAR
8897,MAR
8898,MAR
8899,MAR
8900,SWE
8901,MAR
8902,MAR
8903,MAR
8904,MAR
8905,MAR
8906,MAR
8907,MAR
8908,MAR
8909,MAR
8910,MAR
8911,MAR
8912,MAR
8913,MAR
8914,MAR
8915,MAR
8916,MAR
8917,MAR
8918,MAR
8919,MAR
8920,MAR
8921,MAR
8922,MAR
8923,MAR
8924,MAR
8925,SWE
8926,MAR
8927,MAR
8928,MAR
8929,MAR
8930,MAR
8931,MAR
8932,MAR
8933,MAR
8934,MAR
8935,MAR
8936,MAR
8937,MAR
8938,MAR
8939,MAR
8940,MAR
8941,MAR
8942,MAR
8943,MAR
8944,MAR
8945,MAR
8946,MAR
8947,MAR
8948,MAR
8949,MAR
8950,MAR
8951,MAR
8952,MAR
8953,MAR
8954,MAR
8955,MAR
8956,MAR
8957,MAR
8958,MAR
8959,MAR
8960,MAR
8961,MAR
8962,MAR
8963,MAR
8964,MAR
8965,MAR
8966,MAR
8967,MAR
8968,MAR
8969,MAR
8970,MAR
8971,MAR
8972,MAR
8973,MAR
8974,SWE
8975,MAR
8976,MAR
8977,MAR
8978,MAR
8979,MAR
8980,MAR
8981,SWE
8982,SWE
8983,SWE
8984,MAR
8985,MAR
8986,MAR
8987,MAR
8988,MAR
8989,MAR
8990,MAR
8991,MAR
8992,MAR
8993,MAR
8994,MAR
8995,MAR
8996,MAR
8997,MAR
8998,MAR
8999,MAR
9000,MAR
9001,MAR
9002,MAR
9003,MAR
9004,MAR
9005,MAR
9006,SWE
9007,MAR
9008,MAR
9009,MAR
9010,MAR
9011,MAR
9012,MAR
9013,MAR
9014,MAR
9015,MAR
9016,MAR
9017,MAR
9018,MAR
9019,MAR
9020,MAR
9021,MAR
9022,MAR
9023,SWE
9024,MAR
9025,MAR
9026,MAR
9027,MAR
9028,MAR
9029,MAR
9030,MAR
9031,MAR
9032,MAR
9033,MAR
9034,MAR
9035,MAR
9036,MAR
9037,MAR
9038,MAR
9039,MAR
9040,SWE
9041,MAR
9042,MAR
9043,MAR
9044,MAR
9045,MAR
9046,MAR
9047,MAR
9048,MAR
9049,MAR
9050,MAR
9051,MAR
9052,MAR
9053,MAR
9054,SWE
9055,SWE
9056,MAR
9057,MAR
9058,MAR
9059,MAR
9060,MAR
9061,MAR
9062,SWE
9063,MAR
9064,MAR
9065,MAR
9066,MAR
9067,MAR
9068,MAR
9069,MAR
9070,MAR
9071,MAR
9072,MAR
9073,MAR
9074,MAR
9075,MAR
9076,MAR
9077,MAR
9078,MAR
9079,MAR
9080,MAR
9081,MAR
9082,MAR
9083,MAR
9084,SWE
9085,MAR
9086,MAR
9087,MAR
9088,MAR
9089,MAR
9090,MAR
9091,MAR
9092,MAR
9093,MAR
9094,MAR
9095,MAR
9096,MAR
9097,MAR
9098,MAR
9099,MAR
9100,SWE
9101,MAR
9102,MAR
9103,MAR
9104,MAR
9105,MAR
9106,MAR
9107,MAR
9108,MAR
9109,MAR
9110,MAR
9111,MAR
9112,MAR
9113,MAR
9114,MAR
9115,SWE
9116,MAR
9117,MAR
9118,MAR
9119,MAR
9120,MAR
9121,MAR
9122,MAR
9123,MAR
9124,SWE
9125,MAR
9126,MAR
9127,MAR
9128,MAR
9129,MAR
9130,SWE
9131,MAR
9132,MAR
9133,MAR
9134,MAR
9135,MAR
9136,MAR
9137,MAR
9138,MAR
9139,MAR
9140,MAR
9141,MAR
9142,MAR
9143,SWE
9144,MAR
9145,MAR
9146,MAR
9147,SWE
9148,MAR
9149,MAR
9150,MAR
9151,MAR
9152,MAR
9153,SWE
9154,MAR
9155,SWE
9156,MAR
9157,MAR
9158,MAR
9159,SWE
9160,SWE
9161,MAR
9162,MAR
9163,MAR
9164,MAR
9165,MAR
9166,MAR
9167,MAR
9168,MAR
9169,MAR
9170,MAR
9171,MAR
9172,MAR
9173,MAR
9174,SWE
9175,MAR
9176,MAR
9177,MAR
9178,MAR
9179,MAR
9180,SWE
9181,MAR
9182,MAR
9183,MAR
9184,MAR
9185,MAR
9186,MAR
9187,MAR
9188,MAR
9189,MAR
9190,MAR
9191,MAR
9192,MAR
9193,MAR
9194,MAR
9195,SWE
9196,SWE
9197,MAR
9198,MAR
9199,MAR
9200,MAR
9201,MAR
9202,MAR
9203,MAR
9204,MAR
9205,MAR
9206,MAR
9207,MAR
9208,MAR
9209,MAR
9210,MAR
9211,MAR
9212,MAR
9213,MAR
9214,MAR
9215,MAR
9216,MAR
9217,MAR
9218,MAR
9219,MAR
9220,MAR
9221,MAR
9222,MAR
9223,MAR
9224,MAR
9225,MAR
9226,MAR
9227,MAR
9228,MAR
9229,MAR
9230,MAR
9231,MAR
